PUESTO_SIMPLIFICADO,PUESTO,CARGO ADMINISTRATIVO,CONTEO,Simp_puesto,Puesto_cargo,Simp_cargo
ASESOR SUPERVISOR ,ASESOR SUPERVISOR,,12,FALSO,FALSO,FALSO
CONTRALOR ,CONTRALOR,,12,FALSO,FALSO,FALSO
CONTRALOR ,SUBCONTRALOR,SUBCONTRALOR UNIVERSITARIO,12,FALSO,FALSO,FALSO
DECANO ,DECANO,,140,FALSO,FALSO,FALSO
DECANO ,DECANO,PROFESIONAL EN MICROBIOLOGÍA,12,FALSO,FALSO,FALSO
DECANO ,DECANO,PROFESIONAL EN ODONTOLOGÍA,11,FALSO,FALSO,FALSO
DIRECTOR ,DIRECTOR,,114,FALSO,FALSO,FALSO
DIRECTOR ,DIRECTOR,DIRECTOR  ,48,FALSO,FALSO,FALSO
DIRECTOR ,DIRECTOR,DIRECTOR DE LA OFICINA DE BIENESTAR Y SALUD,12,FALSO,FALSO,FALSO
DIRECTOR ,DIRECTOR,DIRECTOR(A) DEL CANAL UCR,12,FALSO,FALSO,FALSO
DIRECTOR ,DIRECTOR,DIRECTOR(A) DEL SEMANARIO UNIVERSIDAD,12,FALSO,FALSO,FALSO
DIRECTOR ,DIRECTOR,"DIRECTOR(A) DEL SISTEMA DE BIBLIOTECAS, DOCUMENTACIÓN E INFORMACIÓN",12,FALSO,FALSO,FALSO
DIRECTOR ,DIRECTOR,DIRECTOR(A) DEL SISTEMA RADIOFÓNICO DE LA UNIVERSIDAD DE COSTA RICA,12,FALSO,FALSO,FALSO
DIRECTOR ,DIRECTOR CENTRO INVESTIGACION,,201,FALSO,FALSO,FALSO
DIRECTOR ,DIRECTOR CENTRO REGIONAL,,70,FALSO,FALSO,FALSO
DIRECTOR ,DIRECTOR CIL,,11,FALSO,FALSO,FALSO
DIRECTOR ,DIRECTOR DE ESCUELA,,537,FALSO,FALSO,FALSO
DIRECTOR ,DIRECTOR ESTACION EXPERIMENTAL,,35,FALSO,FALSO,FALSO
DIRECTOR ,DIRECTOR INSTITUTO INVESTIGACION,,95,FALSO,FALSO,FALSO
JEFE,JEFE A,,62,FALSO,FALSO,FALSO
JEFE,JEFE A,JEFE DE ADMINISTRACIÓN DE SALARIOS,12,FALSO,FALSO,FALSO
JEFE,JEFE A,JEFE DE ADQUISICIÓN DE SUMINISTROS,12,FALSO,FALSO,FALSO
JEFE,JEFE A,JEFE DE BECAS SOCIOECONÓMICAS,12,FALSO,FALSO,FALSO
JEFE,JEFE A,JEFE DE BENEFICIOS COMPLEMENTARIOS,12,FALSO,FALSO,FALSO
JEFE,JEFE A,JEFE DE BIENES INSTITUCIONALES,12,FALSO,FALSO,FALSO
JEFE,JEFE A,JEFE DE CAJAS,12,FALSO,FALSO,FALSO
JEFE,JEFE A,JEFE DE COBROS ESTUDIANTILES,8,FALSO,FALSO,FALSO
JEFE,JEFE A,JEFE DE CONSTRUCCIÓN DE INFRAESTRUCTURAS DE OEPI,12,FALSO,FALSO,FALSO
JEFE,JEFE A,JEFE DE CONTABILIDAD,9,FALSO,FALSO,FALSO
JEFE,JEFE A,JEFE DE CONTROL DE CALIDAD DE AUDITORIAS,12,FALSO,FALSO,FALSO
JEFE,JEFE A,JEFE DE CONTROL DE INGRESOS,8,FALSO,FALSO,FALSO
JEFE,JEFE A,JEFE DE CONTROL DE OPERACIONES,12,FALSO,FALSO,FALSO
JEFE,JEFE A,JEFE DE CONTROL DE PAGOS,12,FALSO,FALSO,FALSO
JEFE,JEFE A,JEFE DE CONTROL DE VÍNCULO EXTERNO,12,FALSO,FALSO,FALSO
JEFE,JEFE A,JEFE DE CONTROL INTERNO DE OAF,12,FALSO,FALSO,FALSO
JEFE,JEFE A,JEFE DE CONTROL INTERNO DE OPLAU,12,FALSO,FALSO,FALSO
JEFE,JEFE A,JEFE DE CONTROL INTERNO Y ASEGURAMIENTO DE CALIDAD EN RECURSOS HUMANOS,12,FALSO,FALSO,FALSO
JEFE,JEFE A,JEFE DE CORREO,12,FALSO,FALSO,FALSO
JEFE,JEFE A,JEFE DE DISEÑO Y PLANIFICACIÓN DE INFRAESTRUCTURAS DE OEPI,12,FALSO,FALSO,FALSO
JEFE,JEFE A,JEFE DE EJECUCIÓN CONTRACTUAL,12,FALSO,FALSO,FALSO
JEFE,JEFE A,JEFE DE ESTUDIOS DEL CONSEJO UNIVERSITARIO,12,FALSO,FALSO,FALSO
JEFE,JEFE A,JEFE DE GESTIÓN DE PAGO,12,FALSO,FALSO,FALSO
JEFE,JEFE A,JEFE DE GESTIÓN DE SERVICIOS CONTRATADOS,12,FALSO,FALSO,FALSO
JEFE,JEFE A,JEFE DE IMPORTACIONES,12,FALSO,FALSO,FALSO
JEFE,JEFE A,JEFE DE LABORATORIO CLÍNICO,24,FALSO,FALSO,FALSO
JEFE,JEFE A,JEFE DE MANTENIMIENTO Y CONSTRUCCIÓN,5,FALSO,FALSO,FALSO
JEFE,JEFE A,JEFE DE PLANIFICACIÓN LOGÍSTICA,10,FALSO,FALSO,FALSO
JEFE,JEFE A,JEFE DE PRESUPUESTO ORDINARIO,12,FALSO,FALSO,FALSO
JEFE,JEFE A,JEFE DE PROGRAMA DE RESIDENCIAS ESTUDIANTILES,12,FALSO,FALSO,FALSO
JEFE,JEFE A,"JEFE DE PROGRAMAS DEPORTIVOS, RECREATIVOS Y ARTÍSTICOS",12,FALSO,FALSO,FALSO
JEFE,JEFE A,JEFE DE PROMOCIÓN DE LA INVESTIGACIÓN,1,FALSO,FALSO,FALSO
JEFE,JEFE A,JEFE DE PROMOCIÓN DE LA SALUD,12,FALSO,FALSO,FALSO
JEFE,JEFE A,JEFE DE RECLUTAMIENTO Y SELECCIÓN,12,FALSO,FALSO,FALSO
JEFE,JEFE A,JEFE DE REDACCIÓN DEL SEMANARIO UNIVERSIDAD,6,FALSO,FALSO,FALSO
JEFE,JEFE A,JEFE DE SEGURIDAD Y TRÁNSITO,12,FALSO,FALSO,FALSO
JEFE,JEFE A,JEFE DE SERVICIOS DE SALUD,12,FALSO,FALSO,FALSO
JEFE,JEFE A,JEFE DE SISTEMA EDITORIAL,12,FALSO,FALSO,FALSO
JEFE,JEFE A,JEFE DE TECNOLOGÍAS DE INFORMACIÓN,85,FALSO,FALSO,FALSO
JEFE,JEFE A,JEFE DE TRANSPORTES,2,FALSO,FALSO,FALSO
JEFE,JEFE B,,45,FALSO,FALSO,FALSO
JEFE,JEFE B,JEFE ADMINISTRATIVO DE VICERRECTORÍA,56,FALSO,FALSO,FALSO
JEFE,JEFE B,JEFE DE ADMISIÓN Y MATRÍCULA,12,FALSO,FALSO,FALSO
JEFE,JEFE B,JEFE DE ANÁLISIS ADMINISTRATIVO,12,FALSO,FALSO,FALSO
JEFE,JEFE B,JEFE DE AREA DE ADQUISICIONES,12,FALSO,FALSO,FALSO
JEFE,JEFE B,JEFE DE AREA DE LOGÍSTICA,2,FALSO,FALSO,FALSO
JEFE,JEFE B,JEFE DE AUDITORÍA,54,FALSO,FALSO,FALSO
JEFE,JEFE B,JEFE DE CENTRO DE INFORMACIÓN Y SERVICIOS TÉCNICOS,15,FALSO,FALSO,FALSO
JEFE,JEFE B,JEFE DE CONTABILIDAD GENERAL,11,FALSO,FALSO,FALSO
JEFE,JEFE B,JEFE DE EVALUACIÓN DE PLANIFICACIÓN UNIVERSITARIA,12,FALSO,FALSO,FALSO
JEFE,JEFE B,JEFE DE EXPEDIENTES ACADÉMICOS Y GRADUACIONES,12,FALSO,FALSO,FALSO
JEFE,JEFE B,JEFE DE GESTIÓN ADMINISTRATIVA DE VICERRECTORÍA,12,FALSO,FALSO,FALSO
JEFE,JEFE B,JEFE DE GESTIÓN DE ACCIÓN SOCIAL,12,FALSO,FALSO,FALSO
JEFE,JEFE B,JEFE DE GESTIÓN DE COMISIONES Y MEJORAMIENTO CONTINUO,12,FALSO,FALSO,FALSO
JEFE,JEFE B,JEFE DE INVESTIGACIÓN Y EVALUACIÓN ACADÉMICA,12,FALSO,FALSO,FALSO
JEFE,JEFE B,JEFE DE PLANEAMIENTO UNIVERSITARIO,12,FALSO,FALSO,FALSO
JEFE,JEFE B,JEFE DE PLANIFICACIÓN PRESUPUESTARIA,9,FALSO,FALSO,FALSO
JEFE,JEFE B,JEFE DE PROYECTOS DE TECNOLOGÍAS DE INFORMACIÓN,36,FALSO,FALSO,FALSO
JEFE,JEFE B,JEFE DE TESORERÍA,12,FALSO,FALSO,FALSO
JEFE,JEFE B,JEFE DEL ÁREA DE DESARROLLO HUMANO,12,FALSO,FALSO,FALSO
JEFE,JEFE B,SUBDIRECTOR DE CENTRO DE INFORMÁTICA,12,FALSO,FALSO,FALSO
JEFE,JEFE B,SUBDIRECTOR DE OFICINA JURÍDICA,11,FALSO,FALSO,FALSO
JEFE,JEFE B,"SUBDIRECTOR DEL SISTEMA DE BIBLIOTECAS, DOCUMENTACIÓN E INFORMACIÓN",12,FALSO,FALSO,FALSO
MIEMBRO CONSEJO UNIVERSITARIO ,MIEMBRO CONSEJO UNIVERSITARIO,,96,FALSO,FALSO,FALSO
PERSONAL EXTRAORDINARIO,PERSONAL EXTRAORDINARIO I,,89,FALSO,FALSO,FALSO
PERSONAL EXTRAORDINARIO,PERSONAL EXTRAORDINARIO II,,32,FALSO,FALSO,FALSO
PERSONAL VINCULO REMUNERADO ,PERSONAL VINCULO REMUNERADO,,129,FALSO,FALSO,FALSO
PROFESIONAL,PROFESIONAL A,,807,FALSO,FALSO,FALSO
PROFESIONAL,PROFESIONAL A,COORDINADOR DE SERVICIOS GENERALES DE SEDE,24,FALSO,FALSO,FALSO
PROFESIONAL,PROFESIONAL A,COORDINADOR DE SERVICIOS GENERALES DE SEDE DEL PACÍFICO,12,FALSO,FALSO,FALSO
PROFESIONAL,PROFESIONAL A,ENCARGADO DE DIFRACCIÓN DE RAYOS X,5,FALSO,FALSO,FALSO
PROFESIONAL,PROFESIONAL A,FACILITADOR EN EL TRÁMITE DE CONVENIOS DE COOPERACIÓN INTERNACIONAL,20,FALSO,FALSO,FALSO
PROFESIONAL,PROFESIONAL A,FACILITADOR EN EL TRÁMITE DE PROYECTOS DE EXTENSIÓN CULTURAL Y DOCENTE,76,FALSO,FALSO,FALSO
PROFESIONAL,PROFESIONAL A,JEFATURA ADMINISTRATIVA A DE CENTRO,128,FALSO,FALSO,FALSO
PROFESIONAL,PROFESIONAL A,JEFATURA ADMINISTRATIVA A DE ESCUELA,249,FALSO,FALSO,FALSO
PROFESIONAL,PROFESIONAL A,JEFATURA ADMINISTRATIVA A DE RECINTO,33,FALSO,FALSO,FALSO
PROFESIONAL,PROFESIONAL A,JEFATURA ADMINISTRATIVA DE ESTACIÓN EXPERIMENTAL,25,FALSO,FALSO,FALSO
PROFESIONAL,PROFESIONAL A,JEFATURA ADMINISTRATIVA DE INSTITUTO,125,FALSO,FALSO,FALSO
PROFESIONAL,PROFESIONAL A,JEFATURA ADMINISTRATIVA DE OFICINA,73,FALSO,FALSO,FALSO
PROFESIONAL,PROFESIONAL A,LABORES DE PROFESIONAL EN PERIODISMO,12,FALSO,FALSO,FALSO
PROFESIONAL,PROFESIONAL A,PROFESIONAL A EN CATALOGACIÓN,111,FALSO,FALSO,FALSO
PROFESIONAL,PROFESIONAL A,PROFESIONAL COORDINADOR A DE BIBLIOTECA,48,FALSO,FALSO,FALSO
PROFESIONAL,PROFESIONAL A,PROFESIONAL COORDINADOR DE ARCHIVO HISTÓRICO,12,FALSO,FALSO,FALSO
PROFESIONAL,PROFESIONAL A,PROFESIONAL COORDINADOR DE ASESORÍA ARCHIVÍSTICA,12,FALSO,FALSO,FALSO
PROFESIONAL,PROFESIONAL A,PROFESIONAL COORDINADOR DE EVALUACIÓN NUTRICIONAL DE ALIMENTOS PARA ANIMALES,12,FALSO,FALSO,FALSO
PROFESIONAL,PROFESIONAL A,PROFESIONAL COORDINADOR DE SERVICIOS DE LABORATORIO DE LA CARRERA DE INGENIERÍA QUÍMICA,10,FALSO,FALSO,FALSO
PROFESIONAL,PROFESIONAL A,PROFESIONAL DE LA UNIDAD DE INVESTIGACIÓN DE ÁREAS PROTEGIDAS,12,FALSO,FALSO,FALSO
PROFESIONAL,PROFESIONAL A,PROFESIONAL DE LABORATORIO EN OCEANOGRAFÍA QUÍMICA,12,FALSO,FALSO,FALSO
PROFESIONAL,PROFESIONAL A,PROFESIONAL DE SERVICIOS DE SOPORTE INFORMÁTICO Y STREAMING INSTITUCIONAL,9,FALSO,FALSO,FALSO
PROFESIONAL,PROFESIONAL A,PROFESIONAL EN ACTIVIDADES CULTURALES DE SEDE,10,FALSO,FALSO,FALSO
PROFESIONAL,PROFESIONAL A,PROFESIONAL EN ACTIVIDADES DE CAPACITACIÓN,24,FALSO,FALSO,FALSO
PROFESIONAL,PROFESIONAL A,PROFESIONAL EN ADMINISTRACIÓN DE FONDO DE TRABAJO,12,FALSO,FALSO,FALSO
PROFESIONAL,PROFESIONAL A,PROFESIONAL EN ADMINISTRACIÓN DE REDES INFORMÁTICAS INSTITUCIONALES,19,FALSO,FALSO,FALSO
PROFESIONAL,PROFESIONAL A,PROFESIONAL EN ADMINISTRACIÓN DEL CATÁLOGO DE BIENES Y SERVICIOS,23,FALSO,FALSO,FALSO
PROFESIONAL,PROFESIONAL A,PROFESIONAL EN ADQUISICIÓN DE BIENES Y SERVICIOS,133,FALSO,FALSO,FALSO
PROFESIONAL,PROFESIONAL A,PROFESIONAL EN ADQUISICIÓN DE BIENES Y SERVICIOS DE LANAMME,11,FALSO,FALSO,FALSO
PROFESIONAL,PROFESIONAL A,PROFESIONAL EN ANÁLISIS DE CALIDAD DE AGUA,24,FALSO,FALSO,FALSO
PROFESIONAL,PROFESIONAL A,PROFESIONAL EN ANÁLISIS DE PROPUESTAS DE INNOVACIÓN,12,FALSO,FALSO,FALSO
PROFESIONAL,PROFESIONAL A,PROFESIONAL EN ANÁLISIS DE RESIDUOS DE PLAGUICIDAS,48,FALSO,FALSO,FALSO
PROFESIONAL,PROFESIONAL A,PROFESIONAL EN APOYO A LA GESTIÓN ACADÉMICA DE VICERRECTORÍA,12,FALSO,FALSO,FALSO
PROFESIONAL,PROFESIONAL A,PROFESIONAL EN APOYO A LA GESTIÓN DE COMUNICACIÓN,12,FALSO,FALSO,FALSO
PROFESIONAL,PROFESIONAL A,PROFESIONAL EN APOYO A LA INVESTIGACIÓN DE ESTRUCTURAS MICROSCÓPICAS,12,FALSO,FALSO,FALSO
PROFESIONAL,PROFESIONAL A,PROFESIONAL EN APOYO A LA INVESTIGACIÓN DEL LANAMME A,12,FALSO,FALSO,FALSO
PROFESIONAL,PROFESIONAL A,PROFESIONAL EN APOYO A LA INVESTIGACIÓN GEOFÍSICA,24,FALSO,FALSO,FALSO
PROFESIONAL,PROFESIONAL A,PROFESIONAL EN APOYO A LA PRODUCCIÓN AUDIOVISUAL,24,FALSO,FALSO,FALSO
PROFESIONAL,PROFESIONAL A,PROFESIONAL EN APOYO A LA REGENCIA QUÍMICA INSTITUCIONAL,12,FALSO,FALSO,FALSO
PROFESIONAL,PROFESIONAL A,PROFESIONAL EN APOYO DE PROYECTOS EN SALUD,12,FALSO,FALSO,FALSO
PROFESIONAL,PROFESIONAL A,"PROFESIONAL EN APOYO TÉCNICO A LOS PROCESOS DE SISMOLOGÍA, VULCANOLOGÍA Y GEOFÍSICA",7,FALSO,FALSO,FALSO
PROFESIONAL,PROFESIONAL A,PROFESIONAL EN APROVISIONAMIENTO DE LA ESCUELA DE QUÍMICA,11,FALSO,FALSO,FALSO
PROFESIONAL,PROFESIONAL A,PROFESIONAL EN ARCHIVÍSTICA,84,FALSO,FALSO,FALSO
PROFESIONAL,PROFESIONAL A,PROFESIONAL EN ASESORÍA ARCHIVÍSTICA,12,FALSO,FALSO,FALSO
PROFESIONAL,PROFESIONAL A,PROFESIONAL EN ASESORÍA TÉCNICA A ADMINISTRADORES DE RED,12,FALSO,FALSO,FALSO
PROFESIONAL,PROFESIONAL A,PROFESIONAL EN ATENCIÓN INTEGRAL DE LA SALUD INFANTIL,12,FALSO,FALSO,FALSO
PROFESIONAL,PROFESIONAL A,PROFESIONAL EN BECAS Y BENEFICIOS COMPLEMENTARIOS DE SEDE,32,FALSO,FALSO,FALSO
PROFESIONAL,PROFESIONAL A,PROFESIONAL EN BENEFICIOS COMPLEMENTARIOS,12,FALSO,FALSO,FALSO
PROFESIONAL,PROFESIONAL A,PROFESIONAL EN BIBLIOTECOLOGÍA,223,FALSO,FALSO,FALSO
PROFESIONAL,PROFESIONAL A,PROFESIONAL EN CANJE DE RECURSOS BIBLIOGRÁFICOS,12,FALSO,FALSO,FALSO
PROFESIONAL,PROFESIONAL A,PROFESIONAL EN COMPRAS ESPECIALIZADAS DE SEDE,24,FALSO,FALSO,FALSO
PROFESIONAL,PROFESIONAL A,PROFESIONAL EN COMPROMISOS PRESUPUESTARIOS,12,FALSO,FALSO,FALSO
PROFESIONAL,PROFESIONAL A,PROFESIONAL EN COMUNICACIÓN DEL SIEDIN,1,FALSO,FALSO,FALSO
PROFESIONAL,PROFESIONAL A,PROFESIONAL EN CONSULTORÍA JURÍDICA,67,FALSO,FALSO,FALSO
PROFESIONAL,PROFESIONAL A,PROFESIONAL EN CONTRATACIÓN DE SERVICIOS EXTERNOS,36,FALSO,FALSO,FALSO
PROFESIONAL,PROFESIONAL A,PROFESIONAL EN CONTROL DE DISEÑO Y DIAGRAMACIÓN,12,FALSO,FALSO,FALSO
PROFESIONAL,PROFESIONAL A,PROFESIONAL EN CONTROL DE IMPRENTA,12,FALSO,FALSO,FALSO
PROFESIONAL,PROFESIONAL A,PROFESIONAL EN CONTROL DE PÓLIZAS DE SEGUROS,7,FALSO,FALSO,FALSO
PROFESIONAL,PROFESIONAL A,PROFESIONAL EN CONTROL INTERNO Y ASEGURAMIENTO DE LA CALIDAD EN RECURSOS HUMANOS,6,FALSO,FALSO,FALSO
PROFESIONAL,PROFESIONAL A,PROFESIONAL EN CONTROL Y GESTIÓN DE CALIDAD DE OSUM,12,FALSO,FALSO,FALSO
PROFESIONAL,PROFESIONAL A,PROFESIONAL EN CONTROL Y TRÁMITE DE PAGOS,12,FALSO,FALSO,FALSO
PROFESIONAL,PROFESIONAL A,PROFESIONAL EN DESARROLLO Y GESTIÓN DE SERVICIOS Y PRODUCTOS.,12,FALSO,FALSO,FALSO
PROFESIONAL,PROFESIONAL A,PROFESIONAL EN DESCRIPCIÓN DOCUMENTAL ESPECIALIZADA,12,FALSO,FALSO,FALSO
PROFESIONAL,PROFESIONAL A,PROFESIONAL EN DISEÑO DE SITIOS WEB,14,FALSO,FALSO,FALSO
PROFESIONAL,PROFESIONAL A,PROFESIONAL EN DISEÑO GRÁFICO,72,FALSO,FALSO,FALSO
PROFESIONAL,PROFESIONAL A,PROFESIONAL EN DIVULGACIÓN DE INFORMACIÓN,33,FALSO,FALSO,FALSO
PROFESIONAL,PROFESIONAL A,PROFESIONAL EN DIVULGACIÓN E INFORMACIÓN DE SEDE,12,FALSO,FALSO,FALSO
PROFESIONAL,PROFESIONAL A,PROFESIONAL EN EDICIÓN AUDIOVISUAL,24,FALSO,FALSO,FALSO
PROFESIONAL,PROFESIONAL A,PROFESIONAL EN EDICIÓN DE REVISTA,156,FALSO,FALSO,FALSO
PROFESIONAL,PROFESIONAL A,PROFESIONAL EN EDUCACIÓN PREESCOLAR,199,FALSO,FALSO,FALSO
PROFESIONAL,PROFESIONAL A,PROFESIONAL EN EJECUCIÓN CONTRACTUAL,24,FALSO,FALSO,FALSO
PROFESIONAL,PROFESIONAL A,PROFESIONAL EN EJECUCIÓN PRESUPUESTARIA,18,FALSO,FALSO,FALSO
PROFESIONAL,PROFESIONAL A,PROFESIONAL EN ENSAYOS BIOLÓGICOS,39,FALSO,FALSO,FALSO
PROFESIONAL,PROFESIONAL A,PROFESIONAL EN ENSAYOS DE LABORATORIO DE RECURSOS NATURALES,12,FALSO,FALSO,FALSO
PROFESIONAL,PROFESIONAL A,PROFESIONAL EN ESTADÍSTICA,49,FALSO,FALSO,FALSO
PROFESIONAL,PROFESIONAL A,PROFESIONAL EN ESTADÍSTICA DE BECAS SOCIOECONÓMICAS,9,FALSO,FALSO,FALSO
PROFESIONAL,PROFESIONAL A,PROFESIONAL EN EVALUACIÓN DE RED VIAL,36,FALSO,FALSO,FALSO
PROFESIONAL,PROFESIONAL A,PROFESIONAL EN EVALUACIÓN DE REVISTAS Y PORTAL WEB,12,FALSO,FALSO,FALSO
PROFESIONAL,PROFESIONAL A,PROFESIONAL EN GESTIÓN DE DOCTORADO,12,FALSO,FALSO,FALSO
PROFESIONAL,PROFESIONAL A,PROFESIONAL EN GESTIÓN DE PAGO,4,FALSO,FALSO,FALSO
PROFESIONAL,PROFESIONAL A,PROFESIONAL EN GESTIÓN DE PROYECTOS DE TRABAJO COMUNAL UNIVERSITARIO,19,FALSO,FALSO,FALSO
PROFESIONAL,PROFESIONAL A,PROFESIONAL EN GESTIÓN DE RECTORÍA,24,FALSO,FALSO,FALSO
PROFESIONAL,PROFESIONAL A,PROFESIONAL EN GESTIÓN FINANCIERA DE FONDOS DE VÍNCULO EXTERNO,12,FALSO,FALSO,FALSO
PROFESIONAL,PROFESIONAL A,PROFESIONAL EN GESTIÓN FINANCIERA DE SEDE,9,FALSO,FALSO,FALSO
PROFESIONAL,PROFESIONAL A,PROFESIONAL EN GESTIÓN FINANCIERA DE VICERRECTORÍA,12,FALSO,FALSO,FALSO
PROFESIONAL,PROFESIONAL A,PROFESIONAL EN GESTIÓN INTEGRAL DE PAGO,131,FALSO,FALSO,FALSO
PROFESIONAL,PROFESIONAL A,PROFESIONAL EN INFORMES FINANCIEROS DE OAF,20,FALSO,FALSO,FALSO
PROFESIONAL,PROFESIONAL A,PROFESIONAL EN INFORMÁTICA,548,FALSO,FALSO,FALSO
PROFESIONAL,PROFESIONAL A,PROFESIONAL EN MANTENIMIENTO DE COLECCIONES,18,FALSO,FALSO,FALSO
PROFESIONAL,PROFESIONAL A,PROFESIONAL EN MANTENIMIENTO DE EQUIPO DE ESTRUCTURAS MICROSCÓPICAS,5,FALSO,FALSO,FALSO
PROFESIONAL,PROFESIONAL A,PROFESIONAL EN MANTENIMIENTO DE EQUIPO ELECTRÓNICO,24,FALSO,FALSO,FALSO
PROFESIONAL,PROFESIONAL A,PROFESIONAL EN PLANIFICACIÓN LOGÍSTICA,35,FALSO,FALSO,FALSO
PROFESIONAL,PROFESIONAL A,PROFESIONAL EN POST-COSECHAS,12,FALSO,FALSO,FALSO
PROFESIONAL,PROFESIONAL A,PROFESIONAL EN PRESUPUESTO DE RECURSOS BIBLIOGRÁFICOS,12,FALSO,FALSO,FALSO
PROFESIONAL,PROFESIONAL A,PROFESIONAL EN PRODUCCIÓN GRÁFICA PARA TELEVISIÓN,12,FALSO,FALSO,FALSO
PROFESIONAL,PROFESIONAL A,PROFESIONAL EN PROGRAMACIÓN RADIOFÓNICA,12,FALSO,FALSO,FALSO
PROFESIONAL,PROFESIONAL A,PROFESIONAL EN PROGRAMAS ARTÍSTICOS,47,FALSO,FALSO,FALSO
PROFESIONAL,PROFESIONAL A,PROFESIONAL EN PROGRAMAS DEPORTIVOS Y RECREATIVOS,24,FALSO,FALSO,FALSO
PROFESIONAL,PROFESIONAL A,PROFESIONAL EN PROGRAMAS DEPORTIVOS Y RECREATIVOS DE SEDE,49,FALSO,FALSO,FALSO
PROFESIONAL,PROFESIONAL A,PROFESIONAL EN PROMOCIÓN DE SERVICIOS,12,FALSO,FALSO,FALSO
PROFESIONAL,PROFESIONAL A,PROFESIONAL EN QUÍMICA APLICADA,12,FALSO,FALSO,FALSO
PROFESIONAL,PROFESIONAL A,PROFESIONAL EN RECLUTAMIENTO Y SELECCIÓN DE PERSONAL A,12,FALSO,FALSO,FALSO
PROFESIONAL,PROFESIONAL A,PROFESIONAL EN RECURSOS HUMANOS DE SEDE,24,FALSO,FALSO,FALSO
PROFESIONAL,PROFESIONAL A,PROFESIONAL EN REFERENCIA BIBLIOGRÁFICA,363,FALSO,FALSO,FALSO
PROFESIONAL,PROFESIONAL A,PROFESIONAL EN REGISTRO E INFORMACIÓN ESTUDIANTIL DE SEDE,62,FALSO,FALSO,FALSO
PROFESIONAL,PROFESIONAL A,PROFESIONAL EN REGISTROS CONTABLES,12,FALSO,FALSO,FALSO
PROFESIONAL,PROFESIONAL A,PROFESIONAL EN REPOSITORIO DE INVESTIGACIÓN,12,FALSO,FALSO,FALSO
PROFESIONAL,PROFESIONAL A,PROFESIONAL EN SALUD OCUPACIONAL,36,FALSO,FALSO,FALSO
PROFESIONAL,PROFESIONAL A,PROFESIONAL EN SANEAMIENTO AMBIENTAL,12,FALSO,FALSO,FALSO
PROFESIONAL,PROFESIONAL A,PROFESIONAL EN SEGUIMIENTO DE ACUERDOS Y PROYECTOS DE LEY DEL CONSEJO UNIVERSITARIO,12,FALSO,FALSO,FALSO
PROFESIONAL,PROFESIONAL A,PROFESIONAL EN SEGUIMIENTO DE PROYECTOS DE LEY,12,FALSO,FALSO,FALSO
PROFESIONAL,PROFESIONAL A,PROFESIONAL EN SISTEMA DE GESTIÓN DE CALIDAD,36,FALSO,FALSO,FALSO
PROFESIONAL,PROFESIONAL A,PROFESIONAL EN SISTEMAS DE INFORMACIÓN GEOGRÁFICA Y AGRONÓMICA,12,FALSO,FALSO,FALSO
PROFESIONAL,PROFESIONAL A,PROFESIONAL EN SUSCRIPCIÓN Y COMPRA DE PUBLICACIONES PERIÓDICAS,12,FALSO,FALSO,FALSO
PROFESIONAL,PROFESIONAL A,PROFESIONAL EN TECNOLOGÍAS DE COMUNICACIÓN VISUAL,12,FALSO,FALSO,FALSO
PROFESIONAL,PROFESIONAL A,PROFESIONAL EN TRÁMITE DE PROYECTOS UNIVERSITARIOS,19,FALSO,FALSO,FALSO
PROFESIONAL,PROFESIONAL A,PROFESIONAL EN VERIFICACIÓN DE RECURSOS BIBLIOGRÁFICOS,12,FALSO,FALSO,FALSO
PROFESIONAL,PROFESIONAL A,PROFESIONAL ENCARGADO DE PLATAFORMAS INFORMÁTICAS Y TELEMÁTICA,48,FALSO,FALSO,FALSO
PROFESIONAL,PROFESIONAL A,PROFESIONAL FACILITADOR DE PROYECTOS DE DOCENCIA,6,FALSO,FALSO,FALSO
PROFESIONAL,PROFESIONAL B,,470,FALSO,FALSO,FALSO
PROFESIONAL,PROFESIONAL B,CURADOR DE COLECCIONES,12,FALSO,FALSO,FALSO
PROFESIONAL,PROFESIONAL B,JEFATURA ADMINISTRATIVA B DE CENTRO,35,FALSO,FALSO,FALSO
PROFESIONAL,PROFESIONAL B,JEFATURA ADMINISTRATIVA B DE ESCUELA,153,FALSO,FALSO,FALSO
PROFESIONAL,PROFESIONAL B,JEFATURA ADMINISTRATIVA B DE OFICINA,48,FALSO,FALSO,FALSO
PROFESIONAL,PROFESIONAL B,JEFATURA ADMINISTRATIVA B DE RECINTO,5,FALSO,FALSO,FALSO
PROFESIONAL,PROFESIONAL B,JEFATURA ADMINISTRATIVA DE INTERSEDE,12,FALSO,FALSO,FALSO
PROFESIONAL,PROFESIONAL B,PROFESIONAL ASISTENTE DEL VICERRECTOR DE ACCIÓN SOCIAL,12,FALSO,FALSO,FALSO
PROFESIONAL,PROFESIONAL B,PROFESIONAL B EN CATALOGACIÓN,12,FALSO,FALSO,FALSO
PROFESIONAL,PROFESIONAL B,PROFESIONAL COORDINADOR ARTÍSTICO DE DANZA,24,FALSO,FALSO,FALSO
PROFESIONAL,PROFESIONAL B,PROFESIONAL COORDINADOR DE CASA INFANTIL UNIVERSITARIA DE SEDE,12,FALSO,FALSO,FALSO
PROFESIONAL,PROFESIONAL B,PROFESIONAL COORDINADOR DE CATALOGACIÓN DE SEDE,12,FALSO,FALSO,FALSO
PROFESIONAL,PROFESIONAL B,PROFESIONAL COORDINADOR DE DESARROLLO TECNOLÓGICO,12,FALSO,FALSO,FALSO
PROFESIONAL,PROFESIONAL B,PROFESIONAL COORDINADOR DE EVALUACIÓN DE LA INVESTIGACIÓN,24,FALSO,FALSO,FALSO
PROFESIONAL,PROFESIONAL B,PROFESIONAL COORDINADOR DE GESTIÓN DE CAPACITACIÓN Y CONSULTORÍA,24,FALSO,FALSO,FALSO
PROFESIONAL,PROFESIONAL B,PROFESIONAL COORDINADOR DE LABORATORIO DE FÍSICA,12,FALSO,FALSO,FALSO
PROFESIONAL,PROFESIONAL B,PROFESIONAL COORDINADOR DE LOGÍSTICA Y OPERACIONES,1,FALSO,FALSO,FALSO
PROFESIONAL,PROFESIONAL B,PROFESIONAL COORDINADOR DE PRODUCCIÓN DE SUEROS,12,FALSO,FALSO,FALSO
PROFESIONAL,PROFESIONAL B,PROFESIONAL COORDINADOR DE PROYECTOS INFORMÁTICOS EDUCATIVOS EN SALUD,12,FALSO,FALSO,FALSO
PROFESIONAL,PROFESIONAL B,PROFESIONAL COORDINADOR DE SERVICIOS BIBLIOTECARIOS DE SEDE,12,FALSO,FALSO,FALSO
PROFESIONAL,PROFESIONAL B,PROFESIONAL COORDINADOR DE TECNOLOGÍAS DE INFORMACIÓN DEL LANAMME,12,FALSO,FALSO,FALSO
PROFESIONAL,PROFESIONAL B,PROFESIONAL COORDINADOR DE TRANSMISIONES TELEVISIVAS,12,FALSO,FALSO,FALSO
PROFESIONAL,PROFESIONAL B,PROFESIONAL COORDINADOR DEL LABORATORIO DE INGENIERÍA MARÍTIMA DE RÍOS Y ESTUARIOS,12,FALSO,FALSO,FALSO
PROFESIONAL,PROFESIONAL B,PROFESIONAL COORDINADOR ÁREA FINANCIERA DE SEDE,12,FALSO,FALSO,FALSO
PROFESIONAL,PROFESIONAL B,PROFESIONAL CURADOR DE MUSEO,2,FALSO,FALSO,FALSO
PROFESIONAL,PROFESIONAL B,"PROFESIONAL DE APOYO A PROCESOS DE INVESTIGACIÓN, ACCIÓN SOCIAL Y DOCENCIA DE LA ESCUELA DE ADMINISTRACIÓN PÚBLICA",7,FALSO,FALSO,FALSO
PROFESIONAL,PROFESIONAL B,PROFESIONAL EN ACREDITACIÓN Y ASUNTOS ESTUDIANTILES DE DEPARTAMENTOS CLÍNICOS,12,FALSO,FALSO,FALSO
PROFESIONAL,PROFESIONAL B,PROFESIONAL EN ADMINISTRACIÓN DE SALARIOS,72,FALSO,FALSO,FALSO
PROFESIONAL,PROFESIONAL B,PROFESIONAL EN ANÁLISIS ADMINISTRATIVO,69,FALSO,FALSO,FALSO
PROFESIONAL,PROFESIONAL B,PROFESIONAL EN ANÁLISIS DE PROPUESTAS DE INNOVACIÓN,16,FALSO,FALSO,FALSO
PROFESIONAL,PROFESIONAL B,PROFESIONAL EN ANÁLISIS SOCIOECONÓMICO,36,FALSO,FALSO,FALSO
PROFESIONAL,PROFESIONAL B,PROFESIONAL EN APOYO A LA INVESTIGACIÓN DE LANAMME,77,FALSO,FALSO,FALSO
PROFESIONAL,PROFESIONAL B,PROFESIONAL EN APOYO A LA INVESTIGACIÓN DE VIROLOGÍA DE PLANTAS,36,FALSO,FALSO,FALSO
PROFESIONAL,PROFESIONAL B,PROFESIONAL EN APOYO A LA INVESTIGACIÓN EDUCATIVA,2,FALSO,FALSO,FALSO
PROFESIONAL,PROFESIONAL B,PROFESIONAL EN APOYO A LA INVESTIGACIÓN LINGÜÍSTICA,48,FALSO,FALSO,FALSO
PROFESIONAL,PROFESIONAL B,PROFESIONAL EN APOYO A LA INVESTIGACIÓN METEOROLÓGICA,24,FALSO,FALSO,FALSO
PROFESIONAL,PROFESIONAL B,PROFESIONAL EN APOYO A LA INVESTIGACIÓN MICROBIOLÓGICA,12,FALSO,FALSO,FALSO
PROFESIONAL,PROFESIONAL B,PROFESIONAL EN APOYO A LA INVESTIGACIÓN QUÍMICA GEOLÓGICA,12,FALSO,FALSO,FALSO
PROFESIONAL,PROFESIONAL B,PROFESIONAL EN APOYO A PRUEBA DE APTITUD ACADÉMICA,12,FALSO,FALSO,FALSO
PROFESIONAL,PROFESIONAL B,PROFESIONAL EN APOYO AL PROGRAMA DE LIDERAZGO UNIVERSITARIO,24,FALSO,FALSO,FALSO
PROFESIONAL,PROFESIONAL B,PROFESIONAL EN APOYO DE EVALUACIÓN DE PLANES UNIVERSITARIOS,24,FALSO,FALSO,FALSO
PROFESIONAL,PROFESIONAL B,PROFESIONAL EN APOYO DE PLANEAMIENTO UNIVERSITARIO,60,FALSO,FALSO,FALSO
PROFESIONAL,PROFESIONAL B,PROFESIONAL EN APOYO DE PROYECTOS Y PROGRAMAS INSTITUCIONALES,12,FALSO,FALSO,FALSO
PROFESIONAL,PROFESIONAL B,PROFESIONAL EN APROVISIONAMIENTO DE RECURSOS BIBLIOGRÁFICOS,12,FALSO,FALSO,FALSO
PROFESIONAL,PROFESIONAL B,PROFESIONAL EN ARCHIVÍSTICA UNIVERSITARIA,24,FALSO,FALSO,FALSO
PROFESIONAL,PROFESIONAL B,PROFESIONAL EN ARQUITECTURA DE SERVICIOS GENERALES,84,FALSO,FALSO,FALSO
PROFESIONAL,PROFESIONAL B,PROFESIONAL EN ASESORÍA DE OAF,12,FALSO,FALSO,FALSO
PROFESIONAL,PROFESIONAL B,PROFESIONAL EN ASESORÍA LEGAL DE ASUNTOS INTERNACIONALES,12,FALSO,FALSO,FALSO
PROFESIONAL,PROFESIONAL B,PROFESIONAL EN ASESORÍA LEGAL DE COMISIÓN INSTRUCTORA INSTITUCIONAL,3,FALSO,FALSO,FALSO
PROFESIONAL,PROFESIONAL B,PROFESIONAL EN ASESORÍA LEGAL DE LANAMME,12,FALSO,FALSO,FALSO
PROFESIONAL,PROFESIONAL B,PROFESIONAL EN ASESORÍA LEGAL DE RELACIONES LABORALES,6,FALSO,FALSO,FALSO
PROFESIONAL,PROFESIONAL B,PROFESIONAL EN ASESORÍA LEGAL DE SERVICIOS GENERALES,3,FALSO,FALSO,FALSO
PROFESIONAL,PROFESIONAL B,PROFESIONAL EN ASESORÍA LEGAL DE SUMINISTROS,12,FALSO,FALSO,FALSO
PROFESIONAL,PROFESIONAL B,PROFESIONAL EN ASESORÍA LEGAL DEL SEP,24,FALSO,FALSO,FALSO
PROFESIONAL,PROFESIONAL B,PROFESIONAL EN ASESORÍA Y EVALUACIÓN CURRICULAR,195,FALSO,FALSO,FALSO
PROFESIONAL,PROFESIONAL B,PROFESIONAL EN ATENCIÓN PSICOLÓGICA INFANTIL,12,FALSO,FALSO,FALSO
PROFESIONAL,PROFESIONAL B,PROFESIONAL EN AUDITORÍA,79,FALSO,FALSO,FALSO
PROFESIONAL,PROFESIONAL B,PROFESIONAL EN CALIDAD QUÍMICA DE GRANOS Y SEMILLAS,11,FALSO,FALSO,FALSO
PROFESIONAL,PROFESIONAL B,PROFESIONAL EN COMUNICACIÓN DE LA ODI,12,FALSO,FALSO,FALSO
PROFESIONAL,PROFESIONAL B,PROFESIONAL EN COMUNICACIÓN DE VICERRECTORÍA,36,FALSO,FALSO,FALSO
PROFESIONAL,PROFESIONAL B,PROFESIONAL EN CONSERVACIÓN DE COLECCIONES,24,FALSO,FALSO,FALSO
PROFESIONAL,PROFESIONAL B,PROFESIONAL EN CONTROL DE PRESUPUESTOS,12,FALSO,FALSO,FALSO
PROFESIONAL,PROFESIONAL B,PROFESIONAL EN CONTROL DEL SISTEMA DE GESTIÓN DE CALIDAD,36,FALSO,FALSO,FALSO
PROFESIONAL,PROFESIONAL B,PROFESIONAL EN CONTROL INTERNO DE OAF,12,FALSO,FALSO,FALSO
PROFESIONAL,PROFESIONAL B,PROFESIONAL EN CONTROL INTERNO Y GESTIÓN DE CALIDAD DE SERVICIOS GENERALES,12,FALSO,FALSO,FALSO
PROFESIONAL,PROFESIONAL B,PROFESIONAL EN CURACIÓN DE COLECCIÓN DE INSECTOS,12,FALSO,FALSO,FALSO
PROFESIONAL,PROFESIONAL B,PROFESIONAL EN DESARROLLO HUMANO,36,FALSO,FALSO,FALSO
PROFESIONAL,PROFESIONAL B,PROFESIONAL EN DESARROLLO HUMANO DE SERVICIOS GENERALES,12,FALSO,FALSO,FALSO
PROFESIONAL,PROFESIONAL B,PROFESIONAL EN DESARROLLO Y MANTENIMIENTO DE TECNOLOGÍAS DE INFORMACIÓN,251,FALSO,FALSO,FALSO
PROFESIONAL,PROFESIONAL B,PROFESIONAL EN EDICIÓN DEL SEMANARIO DIGITAL,12,FALSO,FALSO,FALSO
PROFESIONAL,PROFESIONAL B,PROFESIONAL EN EDUCACIÓN ESPECIAL CASED,24,FALSO,FALSO,FALSO
PROFESIONAL,PROFESIONAL B,PROFESIONAL EN EDUCACIÓN MUSEOLÓGICA,2,FALSO,FALSO,FALSO
PROFESIONAL,PROFESIONAL B,PROFESIONAL EN ELABORACIÓN DE INDICADORES DE GESTIÓN ADMINISTRATIVA,12,FALSO,FALSO,FALSO
PROFESIONAL,PROFESIONAL B,PROFESIONAL EN ELABORACIÓN DE PROTOCOLOS Y ANÁLISIS QUÍMICOS DE CIPRONA,12,FALSO,FALSO,FALSO
PROFESIONAL,PROFESIONAL B,PROFESIONAL EN ENFERMERÍA,99,FALSO,FALSO,FALSO
PROFESIONAL,PROFESIONAL B,PROFESIONAL EN ESTADÍSTICA DE REGISTRO E INFORMACIÓN,3,FALSO,FALSO,FALSO
PROFESIONAL,PROFESIONAL B,PROFESIONAL EN ESTADÍSTICA DEL SEP,5,FALSO,FALSO,FALSO
PROFESIONAL,PROFESIONAL B,PROFESIONAL EN ESTUDIOS ESPECIALES ESTUDIANTILES,12,FALSO,FALSO,FALSO
PROFESIONAL,PROFESIONAL B,PROFESIONAL EN FACTIBILIDAD DE TRANSFERENCIA DE TECNOLOGÍA,12,FALSO,FALSO,FALSO
PROFESIONAL,PROFESIONAL B,PROFESIONAL EN FILOLOGÍA,45,FALSO,FALSO,FALSO
PROFESIONAL,PROFESIONAL B,PROFESIONAL EN FORMULACIÓN DE PROYECTOS DE OPLAU,3,FALSO,FALSO,FALSO
PROFESIONAL,PROFESIONAL B,PROFESIONAL EN GEOGRAFÍA,12,FALSO,FALSO,FALSO
PROFESIONAL,PROFESIONAL B,PROFESIONAL EN GEOGRAFÍA DEL LANAMME,12,FALSO,FALSO,FALSO
PROFESIONAL,PROFESIONAL B,PROFESIONAL EN GESTIÓN ADMINISTRATIVA DE OFICINA,12,FALSO,FALSO,FALSO
PROFESIONAL,PROFESIONAL B,PROFESIONAL EN GESTIÓN ADMINISTRATIVA Y DE PROYECTOS DE OEPI,12,FALSO,FALSO,FALSO
PROFESIONAL,PROFESIONAL B,PROFESIONAL EN GESTIÓN ADUANERA,24,FALSO,FALSO,FALSO
PROFESIONAL,PROFESIONAL B,PROFESIONAL EN GESTIÓN DE LA CALIDAD Y DESEMPEÑO,5,FALSO,FALSO,FALSO
PROFESIONAL,PROFESIONAL B,PROFESIONAL EN GESTIÓN DE LA VALORACIÓN DE RECURSOS Y PROVEEDORES,47,FALSO,FALSO,FALSO
PROFESIONAL,PROFESIONAL B,PROFESIONAL EN GESTIÓN DEL DESEMPEÑO,12,FALSO,FALSO,FALSO
PROFESIONAL,PROFESIONAL B,PROFESIONAL EN GESTIÓN MUNICIPAL,36,FALSO,FALSO,FALSO
PROFESIONAL,PROFESIONAL B,PROFESIONAL EN INFRAESTRUCTURA CIVIL Y VIAL,96,FALSO,FALSO,FALSO
PROFESIONAL,PROFESIONAL B,PROFESIONAL EN INGENIERÍA CIVIL DE SERVICIOS GENERALES,24,FALSO,FALSO,FALSO
PROFESIONAL,PROFESIONAL B,PROFESIONAL EN INGENIERÍA ELÉCTRICA,35,FALSO,FALSO,FALSO
PROFESIONAL,PROFESIONAL B,PROFESIONAL EN INVESTIGACIÓN Y DIVULGACIÓN DEL PIAM,17,FALSO,FALSO,FALSO
PROFESIONAL,PROFESIONAL B,PROFESIONAL EN MERCADEO Y VENTAS,12,FALSO,FALSO,FALSO
PROFESIONAL,PROFESIONAL B,PROFESIONAL EN ORIENTACIÓN CASE,72,FALSO,FALSO,FALSO
PROFESIONAL,PROFESIONAL B,PROFESIONAL EN ORIENTACIÓN DEL COVO,12,FALSO,FALSO,FALSO
PROFESIONAL,PROFESIONAL B,PROFESIONAL EN ORIENTACIÓN ESTUDIANTIL DE SEDE,109,FALSO,FALSO,FALSO
PROFESIONAL,PROFESIONAL B,PROFESIONAL EN PERIODISMO,253,FALSO,FALSO,FALSO
PROFESIONAL,PROFESIONAL B,PROFESIONAL EN PERIODISMO Y RELACIONES PÚBLICAS DEL CONSEJO UNIVERSITARIO,12,FALSO,FALSO,FALSO
PROFESIONAL,PROFESIONAL B,PROFESIONAL EN PLANIFICACIÓN PRESUPUESTARIA,22,FALSO,FALSO,FALSO
PROFESIONAL,PROFESIONAL B,PROFESIONAL EN PREVENCIÓN Y ATENCIÓN DEL HOSTIGAMIENTO SEXUAL,14,FALSO,FALSO,FALSO
PROFESIONAL,PROFESIONAL B,PROFESIONAL EN PROCESO DE ADECUACIONES PARA PRUEBAS DE ADMISIÓN,15,FALSO,FALSO,FALSO
PROFESIONAL,PROFESIONAL B,PROFESIONAL EN PROCESOS DE ACOSO LABORAL,13,FALSO,FALSO,FALSO
PROFESIONAL,PROFESIONAL B,PROFESIONAL EN PROCESOS DE ORIENTACIÓN EDUCATIVA DE PERSONAS MAYORES,12,FALSO,FALSO,FALSO
PROFESIONAL,PROFESIONAL B,PROFESIONAL EN PRODUCCIÓN AGRÍCOLA NO CONTAMINANTE,12,FALSO,FALSO,FALSO
PROFESIONAL,PROFESIONAL B,PROFESIONAL EN PRODUCCIÓN AUDIOVISUAL,137,FALSO,FALSO,FALSO
PROFESIONAL,PROFESIONAL B,PROFESIONAL EN PRODUCCIÓN INFORMÁTICA,12,FALSO,FALSO,FALSO
PROFESIONAL,PROFESIONAL B,PROFESIONAL EN PRODUCCIÓN RADIOFÓNICA,56,FALSO,FALSO,FALSO
PROFESIONAL,PROFESIONAL B,PROFESIONAL EN PROMOCIÓN DE LA INNOVACIÓN,12,FALSO,FALSO,FALSO
PROFESIONAL,PROFESIONAL B,PROFESIONAL EN PROMOCIÓN DE LA SALUD,45,FALSO,FALSO,FALSO
PROFESIONAL,PROFESIONAL B,PROFESIONAL EN PSICOLOGÍA CASE,51,FALSO,FALSO,FALSO
PROFESIONAL,PROFESIONAL B,PROFESIONAL EN PSICOLOGÍA DE SEDE,118,FALSO,FALSO,FALSO
PROFESIONAL,PROFESIONAL B,PROFESIONAL EN PSICOLOGÍA DE SELECCIÓN DE PERSONAL,24,FALSO,FALSO,FALSO
PROFESIONAL,PROFESIONAL B,PROFESIONAL EN PSICOLOGÍA DEL CIL,12,FALSO,FALSO,FALSO
PROFESIONAL,PROFESIONAL B,PROFESIONAL EN PSICOLOGÍA DEL PROGRAMA DE RESIDENCIAS ESTUDIANTILES,16,FALSO,FALSO,FALSO
PROFESIONAL,PROFESIONAL B,PROFESIONAL EN RELACIONES PÚBLICAS,75,FALSO,FALSO,FALSO
PROFESIONAL,PROFESIONAL B,PROFESIONAL EN SERVICIOS BIBLIOTECARIOS,63,FALSO,FALSO,FALSO
PROFESIONAL,PROFESIONAL B,PROFESIONAL EN TRABAJO SOCIAL CASE,58,FALSO,FALSO,FALSO
PROFESIONAL,PROFESIONAL B,PROFESIONAL EN TRABAJO SOCIAL DE RESIDENCIAS ESTUDIANTILES,24,FALSO,FALSO,FALSO
PROFESIONAL,PROFESIONAL B,PROFESIONAL EN TRABAJO SOCIAL DE SEDE,107,FALSO,FALSO,FALSO
PROFESIONAL,PROFESIONAL B,PROFESIONAL EN TRABAJO SOCIAL DEL CIL,12,FALSO,FALSO,FALSO
PROFESIONAL,PROFESIONAL B,PROFESIONAL EN VETERINARIA,9,FALSO,FALSO,FALSO
PROFESIONAL,PROFESIONAL B,PROFESIONAL ENCARGADO DE LA UNIDAD DE ACTAS,12,FALSO,FALSO,FALSO
PROFESIONAL,PROFESIONAL B,PROFESIONAL ENCARGADO DEL PROGRAMA INTEGRAL PARA LA PERSONA ADULTA MAYOR,12,FALSO,FALSO,FALSO
PROFESIONAL,PROFESIONAL B,PROFESIONAL GESTOR DE FINANCIAMIENTO DE INVESTIGACIÓN,21,FALSO,FALSO,FALSO
PROFESIONAL,PROFESIONAL B,PROFESIONAL GESTOR DE PROYECTOS DE INVESTIGACIÓN,84,FALSO,FALSO,FALSO
PROFESIONAL,PROFESIONAL B,PROFESIONAL GESTOR EN GOBIERNO ABIERTO,12,FALSO,FALSO,FALSO
PROFESIONAL,PROFESIONAL C,,280,FALSO,FALSO,FALSO
PROFESIONAL,PROFESIONAL C,COORDINADOR EN ESTADÍSTICA DE BECAS SOCIOECONÓMICAS,12,FALSO,FALSO,FALSO
PROFESIONAL,PROFESIONAL C,JEFATURA ADMINISTRATIVA C DE ESCUELA,109,FALSO,FALSO,FALSO
PROFESIONAL,PROFESIONAL C,JEFATURA ADMINISTRATIVA DE FACULTAD,155,FALSO,FALSO,FALSO
PROFESIONAL,PROFESIONAL C,JEFATURA ADMINISTRATIVA DE SEDE REGIONAL,37,FALSO,FALSO,FALSO
PROFESIONAL,PROFESIONAL C,JEFATURA ADMINISTRATIVA DE SIBDI,12,FALSO,FALSO,FALSO
PROFESIONAL,PROFESIONAL C,PROFESIONAL ASESOR DE LOS MIEMBROS DEL CONSEJO UNIVERSITARIO,124,FALSO,FALSO,FALSO
PROFESIONAL,PROFESIONAL C,PROFESIONAL COORDINADOR ADMINISTRATIVO DE ASUNTOS INTERNACIONALES,11,FALSO,FALSO,FALSO
PROFESIONAL,PROFESIONAL C,PROFESIONAL COORDINADOR C DE BIBLIOTECA,72,FALSO,FALSO,FALSO
PROFESIONAL,PROFESIONAL C,PROFESIONAL COORDINADOR DE ATENCIÓN ESTUDIANTIL DE SEDE,24,FALSO,FALSO,FALSO
PROFESIONAL,PROFESIONAL C,PROFESIONAL COORDINADOR DE BECAS AL EXTERIOR,12,FALSO,FALSO,FALSO
PROFESIONAL,PROFESIONAL C,PROFESIONAL COORDINADOR DE CALIDAD Y DESARROLLO,12,FALSO,FALSO,FALSO
PROFESIONAL,PROFESIONAL C,PROFESIONAL COORDINADOR DE CARGAS ACADÉMICAS,12,FALSO,FALSO,FALSO
PROFESIONAL,PROFESIONAL C,PROFESIONAL COORDINADOR DE CASA INFANTIL UNIVERSITARIA,12,FALSO,FALSO,FALSO
PROFESIONAL,PROFESIONAL C,PROFESIONAL COORDINADOR DE CASE,84,FALSO,FALSO,FALSO
PROFESIONAL,PROFESIONAL C,PROFESIONAL COORDINADOR DE CASED,9,FALSO,FALSO,FALSO
PROFESIONAL,PROFESIONAL C,PROFESIONAL COORDINADOR DE CENTRO CATALOGRÁFICO,12,FALSO,FALSO,FALSO
PROFESIONAL,PROFESIONAL C,PROFESIONAL COORDINADOR DE CENTRO INFANTIL (CILEM),12,FALSO,FALSO,FALSO
PROFESIONAL,PROFESIONAL C,PROFESIONAL COORDINADOR DE COMERCIALIZACIÓN,9,FALSO,FALSO,FALSO
PROFESIONAL,PROFESIONAL C,PROFESIONAL COORDINADOR DE COOPERACIÓN INTERNACIONAL,12,FALSO,FALSO,FALSO
PROFESIONAL,PROFESIONAL C,PROFESIONAL COORDINADOR DE DESARROLLO Y MANTENIMIENTO DE TIC,106,FALSO,FALSO,FALSO
PROFESIONAL,PROFESIONAL C,PROFESIONAL COORDINADOR DE DISEÑO,12,FALSO,FALSO,FALSO
PROFESIONAL,PROFESIONAL C,PROFESIONAL COORDINADOR DE EVALUACIÓN ACADÉMICA,12,FALSO,FALSO,FALSO
PROFESIONAL,PROFESIONAL C,PROFESIONAL COORDINADOR DE GESTIÓN DE PAGO,24,FALSO,FALSO,FALSO
PROFESIONAL,PROFESIONAL C,PROFESIONAL COORDINADOR DE IMPRESIÓN,12,FALSO,FALSO,FALSO
PROFESIONAL,PROFESIONAL C,PROFESIONAL COORDINADOR DE INGENIERÍA ESTRUCTURAL Y DE PUENTES,12,FALSO,FALSO,FALSO
PROFESIONAL,PROFESIONAL C,PROFESIONAL COORDINADOR DE INGENIERÍA MUNICIPAL,12,FALSO,FALSO,FALSO
PROFESIONAL,PROFESIONAL C,PROFESIONAL COORDINADOR DE LA UNIDAD DE GESTIÓN Y EVALUACIÓN DEL SEP,12,FALSO,FALSO,FALSO
PROFESIONAL,PROFESIONAL C,PROFESIONAL COORDINADOR DE LA UNIDAD DE RECLUTAMIENTO Y SELECCIÓN,12,FALSO,FALSO,FALSO
PROFESIONAL,PROFESIONAL C,PROFESIONAL COORDINADOR DE LABORATORIO,36,FALSO,FALSO,FALSO
PROFESIONAL,PROFESIONAL C,PROFESIONAL COORDINADOR DE MANTENIMIENTO DE ESTRUCTURAS ELÉCTRICAS Y ELECTRÓNICAS,8,FALSO,FALSO,FALSO
PROFESIONAL,PROFESIONAL C,PROFESIONAL COORDINADOR DE MANTENIMIENTO DE SISTEMAS TELEVISIVOS,22,FALSO,FALSO,FALSO
PROFESIONAL,PROFESIONAL C,PROFESIONAL COORDINADOR DE OBRAS DE INFRAESTRUCTURAS,12,FALSO,FALSO,FALSO
PROFESIONAL,PROFESIONAL C,PROFESIONAL COORDINADOR DE PRODUCCIÓN RADIOFÓNICA,12,FALSO,FALSO,FALSO
PROFESIONAL,PROFESIONAL C,PROFESIONAL COORDINADOR DE PRODUCCIÓN TELEVISIVA,12,FALSO,FALSO,FALSO
PROFESIONAL,PROFESIONAL C,PROFESIONAL COORDINADOR DE PROGRAMA DE LIDERAZGO UNIVERSITARIO,12,FALSO,FALSO,FALSO
PROFESIONAL,PROFESIONAL C,PROFESIONAL COORDINADOR DE PROGRAMA DE VOLUNTARIADO UNIVERSITARIO,12,FALSO,FALSO,FALSO
PROFESIONAL,PROFESIONAL C,PROFESIONAL COORDINADOR DE PROYECTOS DEL OBSERVATORIO DEL DESARROLLO,5,FALSO,FALSO,FALSO
PROFESIONAL,PROFESIONAL C,PROFESIONAL COORDINADOR DE PROYECTOS WEBTV,12,FALSO,FALSO,FALSO
PROFESIONAL,PROFESIONAL C,PROFESIONAL COORDINADOR DE REGISTRO DE COLECCIONES,12,FALSO,FALSO,FALSO
PROFESIONAL,PROFESIONAL C,PROFESIONAL COORDINADOR DE RÉGIMEN ACADÉMICO,12,FALSO,FALSO,FALSO
PROFESIONAL,PROFESIONAL C,PROFESIONAL COORDINADOR DE SERVICIOS BIBLIOTECARIOS,47,FALSO,FALSO,FALSO
PROFESIONAL,PROFESIONAL C,PROFESIONAL COORDINADOR DE SISTEMA DE GESTIÓN DE CALIDAD,24,FALSO,FALSO,FALSO
PROFESIONAL,PROFESIONAL C,PROFESIONAL COORDINADOR EN ANÁLISIS DE BECAS Y BENEFICIOS COMPLEMENTARIOS,34,FALSO,FALSO,FALSO
PROFESIONAL,PROFESIONAL C,PROFESIONAL COORDINADOR EN APOYO A LA INVESTIGACIÓN GEOFÍSICA,12,FALSO,FALSO,FALSO
PROFESIONAL,PROFESIONAL C,PROFESIONAL COORDINADOR EN GESTIÓN DE CALIDAD DE ANTIVENENOS,12,FALSO,FALSO,FALSO
PROFESIONAL,PROFESIONAL C,PROFESIONAL COORDINADOR EN GESTIÓN DE PROYECTOS DE TRABAJO COMUNAL UNIVERSITARIO,12,FALSO,FALSO,FALSO
PROFESIONAL,PROFESIONAL C,PROFESIONAL DE RELACIONES PÚBLICAS Y PERIODISMO DE RECTORÍA,12,FALSO,FALSO,FALSO
PROFESIONAL,PROFESIONAL C,PROFESIONAL DESARROLLADOR DE SISTEMAS DE INFORMACIÓN DE LA LÍNEA GRÁFICA INSTITUCIONAL,12,FALSO,FALSO,FALSO
PROFESIONAL,PROFESIONAL C,PROFESIONAL EDITOR DE INVESTIGACIÓN,13,FALSO,FALSO,FALSO
PROFESIONAL,PROFESIONAL C,PROFESIONAL EDITOR DE REVISTA DE BIOLOGÍA TROPICAL,24,FALSO,FALSO,FALSO
PROFESIONAL,PROFESIONAL C,PROFESIONAL EDITOR DE REVISTA Y ENCARGADO DE BIBLIOTECA,12,FALSO,FALSO,FALSO
PROFESIONAL,PROFESIONAL C,PROFESIONAL EN ADMINISTRACIÓN DE PROYECTOS INFORMÁTICOS,36,FALSO,FALSO,FALSO
PROFESIONAL,PROFESIONAL C,PROFESIONAL EN ANÁLISIS DE BECAS DE POSGRADO,12,FALSO,FALSO,FALSO
PROFESIONAL,PROFESIONAL C,PROFESIONAL EN ANÁLISIS DE LABORATORIO CLÍNICO.,21,FALSO,FALSO,FALSO
PROFESIONAL,PROFESIONAL C,PROFESIONAL EN APOYO A LA INVESTIGACIÓN DE BIOTECNOLOGÍA,12,FALSO,FALSO,FALSO
PROFESIONAL,PROFESIONAL C,PROFESIONAL EN APOYO A LA INVESTIGACIÓN DE GENÉTICA Y BIOLOGÍA MOLECULAR,12,FALSO,FALSO,FALSO
PROFESIONAL,PROFESIONAL C,PROFESIONAL EN APOYO A LA INVESTIGACIÓN EN SISMOLOGÍA,24,FALSO,FALSO,FALSO
PROFESIONAL,PROFESIONAL C,PROFESIONAL EN ASESORÍA DE ASUNTOS ESTUDIANTILES,24,FALSO,FALSO,FALSO
PROFESIONAL,PROFESIONAL C,PROFESIONAL EN ASESORÍA DE PROGRAMAS DE POSGRADO,24,FALSO,FALSO,FALSO
PROFESIONAL,PROFESIONAL C,PROFESIONAL EN ASESORÍA DE PROYECTOS DE EXTENSIÓN DOCENTE Y EDUCACIÓN CONTINUA,12,FALSO,FALSO,FALSO
PROFESIONAL,PROFESIONAL C,PROFESIONAL EN ASESORÍA GENERAL DE EXTENSIÓN CULTURAL,12,FALSO,FALSO,FALSO
PROFESIONAL,PROFESIONAL C,PROFESIONAL EN ASESORÍA JURÍDICA INSTITUCIONAL,114,FALSO,FALSO,FALSO
PROFESIONAL,PROFESIONAL C,PROFESIONAL EN ASESORÍA LEGAL,57,FALSO,FALSO,FALSO
PROFESIONAL,PROFESIONAL C,PROFESIONAL EN ASESORÍA LEGAL DE VICERRECTORÍA DE VIDA ESTUDIANTIL,12,FALSO,FALSO,FALSO
PROFESIONAL,PROFESIONAL C,PROFESIONAL EN AUDITORÍA TÉCNICA,137,FALSO,FALSO,FALSO
PROFESIONAL,PROFESIONAL C,PROFESIONAL EN AUDITORÍAS COMPLEJAS,69,FALSO,FALSO,FALSO
PROFESIONAL,PROFESIONAL C,PROFESIONAL EN CONTROL DE CONSTRUCCIONES DE INFRAESTRUCTURAS DE OEPI,60,FALSO,FALSO,FALSO
PROFESIONAL,PROFESIONAL C,PROFESIONAL EN CONTROL INTERNO DE OPLAU,24,FALSO,FALSO,FALSO
PROFESIONAL,PROFESIONAL C,PROFESIONAL EN DESARROLLO Y GESTIÓN DE SERVICIOS Y PRODUCTOS.,95,FALSO,FALSO,FALSO
PROFESIONAL,PROFESIONAL C,PROFESIONAL EN DISEÑO ARQUITECTÓNICO DE OEPI,60,FALSO,FALSO,FALSO
PROFESIONAL,PROFESIONAL C,PROFESIONAL EN DISEÑO ESTRUCTURAL DE OEPI,24,FALSO,FALSO,FALSO
PROFESIONAL,PROFESIONAL C,PROFESIONAL EN DISEÑO FÍSICO Y LÓGICO DE REDES DE TELECOMUNICACIONES,48,FALSO,FALSO,FALSO
PROFESIONAL,PROFESIONAL C,PROFESIONAL EN ELABORACIÓN DE SOFTWARE EDUCATIVO,12,FALSO,FALSO,FALSO
PROFESIONAL,PROFESIONAL C,PROFESIONAL EN EVALUACIÓN DE PLANES UNIVERSITARIOS,12,FALSO,FALSO,FALSO
PROFESIONAL,PROFESIONAL C,PROFESIONAL EN GESTIÓN ADMINISTRATIVA Y DE PROYECTOS DEL CIEDES,12,FALSO,FALSO,FALSO
PROFESIONAL,PROFESIONAL C,PROFESIONAL EN GESTIÓN AMBIENTAL,84,FALSO,FALSO,FALSO
PROFESIONAL,PROFESIONAL C,PROFESIONAL EN GESTIÓN DE RIESGOS Y SEGURIDAD INFORMÁTICA,24,FALSO,FALSO,FALSO
PROFESIONAL,PROFESIONAL C,PROFESIONAL EN INGENIERÍA ELÉCTRICA DE INFRAESTRUCTURAS DE OEPI,24,FALSO,FALSO,FALSO
PROFESIONAL,PROFESIONAL C,PROFESIONAL EN INGENIERÍA MECÁNICA DE INFRAESTRUCTURAS DE OEPI,12,FALSO,FALSO,FALSO
PROFESIONAL,PROFESIONAL C,PROFESIONAL EN INVESTIGACIÓN EN CIENCIAS ECONÓMICAS,53,FALSO,FALSO,FALSO
PROFESIONAL,PROFESIONAL C,PROFESIONAL EN MEDICINA GENERAL,181,FALSO,FALSO,FALSO
PROFESIONAL,PROFESIONAL C,PROFESIONAL EN ODONTOLOGÍA,36,FALSO,FALSO,FALSO
PROFESIONAL,PROFESIONAL C,PROFESIONAL EN PLANEAMIENTO UNIVERSITARIO,12,FALSO,FALSO,FALSO
PROFESIONAL,PROFESIONAL C,PROFESIONAL EN PLANIFICACIÓN Y ESTUDIOS PRESUPUESTARIOS,20,FALSO,FALSO,FALSO
PROFESIONAL,PROFESIONAL C,PROFESIONAL EN PRODUCCIÓN DE AGUA INYECTABLE Y LIOFILIZACIÓN DE ANTIVENENOS,12,FALSO,FALSO,FALSO
PROFESIONAL,PROFESIONAL C,PROFESIONAL EN PROYECTOS DE DESARROLLO HUMANO,12,FALSO,FALSO,FALSO
PROFESIONAL,PROFESIONAL C,PROFESIONAL EN PSICOLOGÍA CLÍNICA,48,FALSO,FALSO,FALSO
PROFESIONAL,PROFESIONAL C,PROFESIONAL EN REGENCIA MICROBIOLÓGICA,12,FALSO,FALSO,FALSO
PROFESIONAL,PROFESIONAL C,PROFESIONAL EN REGENCIA QUÍMICA INSTITUCIONAL,12,FALSO,FALSO,FALSO
PROFESIONAL,PROFESIONAL C,PROFESIONAL EN REGENCIA VETERINARIA,12,FALSO,FALSO,FALSO
PROFESIONAL,PROFESIONAL C,PROFESIONAL JEFE EN SALUD OCUPACIONAL Y AMBIENTAL,12,FALSO,FALSO,FALSO
PROFESIONAL,PROFESIONAL C,REGENTE BIOLÓGICO Y AMBIENTAL,12,FALSO,FALSO,FALSO
PROFESIONAL,PROFESIONAL C,REGENTE FARMACÉUTICO,12,FALSO,FALSO,FALSO
PROFESIONAL,PROFESIONAL D,,48,FALSO,FALSO,FALSO
PROFESIONAL,PROFESIONAL D,PROFESIONAL COORDINADOR DE ADMISIÓN Y MATRÍCULA,12,FALSO,FALSO,FALSO
PROFESIONAL,PROFESIONAL D,PROFESIONAL COORDINADOR DE APROVISIONAMIENTO DE RECURSOS BIBLIOGRÁFICOS,12,FALSO,FALSO,FALSO
PROFESIONAL,PROFESIONAL D,PROFESIONAL COORDINADOR DE AUDITORÍA TÉCNICA,12,FALSO,FALSO,FALSO
PROFESIONAL,PROFESIONAL D,PROFESIONAL COORDINADOR DE AUDITORÍAS COMPLEJAS,117,FALSO,FALSO,FALSO
PROFESIONAL,PROFESIONAL D,PROFESIONAL COORDINADOR DE CENTRO DE ORIENTACIÓN VOCACIONAL,12,FALSO,FALSO,FALSO
PROFESIONAL,PROFESIONAL D,PROFESIONAL COORDINADOR DE COMUNICACIÓN,12,FALSO,FALSO,FALSO
PROFESIONAL,PROFESIONAL D,PROFESIONAL COORDINADOR DE EXPEDIENTES ACADÉMICOS Y GRADUACIONES,7,FALSO,FALSO,FALSO
PROFESIONAL,PROFESIONAL D,PROFESIONAL COORDINADOR DE INFORMACIÓN Y DOCUMENTACIÓN,12,FALSO,FALSO,FALSO
PROFESIONAL,PROFESIONAL D,PROFESIONAL COORDINADOR DE INGRESO A CARRERA,12,FALSO,FALSO,FALSO
PROFESIONAL,PROFESIONAL D,PROFESIONAL COORDINADOR DE LA DIVISIÓN INDUSTRIAL DEL INSTITUTO CLODOMIRO PICADO,12,FALSO,FALSO,FALSO
PROFESIONAL,PROFESIONAL D,PROFESIONAL COORDINADOR DE LABORATORIOS DE INFRAESTRUCTURA CIVIL Y VIAL,24,FALSO,FALSO,FALSO
PROFESIONAL,PROFESIONAL D,PROFESIONAL COORDINADOR DE MATRÍCULA Y HORARIOS,12,FALSO,FALSO,FALSO
PROFESIONAL,PROFESIONAL D,PROFESIONAL COORDINADOR DE PRUEBA DE APTITUD ACADÉMICA,12,FALSO,FALSO,FALSO
PROFESIONAL,PROFESIONAL D,PROFESIONAL COORDINADOR DE RECONOCIMIENTO DE ESTUDIOS,12,FALSO,FALSO,FALSO
PROFESIONAL,PROFESIONAL D,PROFESIONAL COORDINADOR DE ÁREA DE GESTIÓN JUDICIAL,15,FALSO,FALSO,FALSO
PROFESIONAL,PROFESIONAL D,PROFESIONAL COORDINADOR EN ASESORÍA LEGAL,12,FALSO,FALSO,FALSO
PROFESIONAL,PROFESIONAL D,PROFESIONAL EN CONTROL DE EJECUCIÓN PRESUPUESTARIA,6,FALSO,FALSO,FALSO
PROFESIONAL,PROFESIONAL D,PROFESIONAL EN PROYECTOS INSTITUCIONALES,12,FALSO,FALSO,FALSO
PROFESOR ADJUNTO ,PROFESOR ADJUNTO,,1846,FALSO,FALSO,FALSO
PROFESOR ADJUNTO ,PROFESOR ADJUNTO EDUCACION SUPERIOR,,149,FALSO,FALSO,FALSO
PROFESOR ASOCIADO ,PROFESOR ASOCIADO,,4530,FALSO,FALSO,FALSO
PROFESOR ASOCIADO EDUCACION SUPERIOR ,PROFESOR ASOCIADO EDUCACION SUPERIOR,,248,FALSO,FALSO,FALSO
PROFESOR ASOCIADO EDUCACION SUPERIOR ,PROFESOR ASOCIADO RECONTR. EDUC.SUP.,,3,FALSO,FALSO,FALSO
PROFESOR CATEDRATICO ,PROFESOR CATEDRATICO,,4979,FALSO,FALSO,FALSO
PROFESOR CATEDRATICO ,"PROFESOR CATEG. ESPEC., CATEDRATICO",,12,FALSO,FALSO,FALSO
PROFESOR CATEDRATICO EDUCACION SUPERIOR ,PROFESOR CATEDRATICO EDUCACION SUPERIOR,,149,FALSO,FALSO,FALSO
PROFESOR CATEDRATICO EDUCACION SUPERIOR ,PROFESOR CATEDRATICO RECONTR. EDUC.SUP.,,18,FALSO,FALSO,FALSO
PROFESOR CONTRAC SEP ,PROFESOR CONTRAC SEP,,100,FALSO,FALSO,FALSO
PROFESOR EXBECARIO,PROFESOR EXBECARIO DOCTORADO,,1042,FALSO,FALSO,FALSO
PROFESOR EXBECARIO,PROFESOR EXBECARIO MAESTRIA,,67,FALSO,FALSO,FALSO
PROFESOR INSTRUCTOR ,PROFESOR INSTRUCTOR,,9195,FALSO,FALSO,FALSO
PROFESOR INSTRUCTOR ,PROFESOR INSTRUCTOR EDUCACION SUPERIOR,,17,FALSO,FALSO,FALSO
PROFESOR INTERINO ,PROFESOR INTERINO,,1254,FALSO,FALSO,FALSO
PROFESOR INTERINO ,PROFESOR INTERINO BACHILLER,,1311,FALSO,FALSO,FALSO
PROFESOR INTERINO ,PROFESOR INTERINO LICENCIADO,,32445,FALSO,FALSO,FALSO
PROFESOR INTERINO ,PROFESOR INTERINO SIN TITULO,,143,FALSO,FALSO,FALSO
PROFESOR INVITADO,PROFESOR INV. II AÑO SEP-CONARE AS ADJU,,2,FALSO,FALSO,FALSO
PROFESOR INVITADO,PROFESOR INV. II AÑO SEP-CONARE AS ASOC,,6,FALSO,FALSO,FALSO
PROFESOR INVITADO,PROFESOR INV. II AÑO SEP-CONARE AS INST,,24,FALSO,FALSO,FALSO
PROFESOR INVITADO,"PROFESOR INVITADO I AÑO, DOCTORADO",,15,FALSO,FALSO,FALSO
PROFESOR INVITADO,"PROFESOR INVITADO I AÑO, EXBEC.DOCTOR",,339,FALSO,FALSO,FALSO
PROFESOR INVITADO,"PROFESOR INVITADO I AÑO, EXBEC.MAESTRIA",,51,FALSO,FALSO,FALSO
PROFESOR INVITADO,"PROFESOR INVITADO I AÑO, LIC.SEP-CONARE",,63,FALSO,FALSO,FALSO
PROFESOR INVITADO,"PROFESOR INVITADO II AÑO, DOCTORADO",,15,FALSO,FALSO,FALSO
PROFESOR INVITADO,"PROFESOR INVITADO II AÑO, EXBEC.DOCTOR",,473,FALSO,FALSO,FALSO
PROFESOR INVITADO,"PROFESOR INVITADO II AÑO, EXBEC.MAESTR.",,27,FALSO,FALSO,FALSO
PROFESOR VISITANTE,"PROFESOR VISITANTE I AÑO, DOCTORADO",,14,FALSO,FALSO,FALSO
PROFESOR VISITANTE,"PROFESOR VISITANTE I AÑO, MAESTRIA",,3,FALSO,FALSO,FALSO
PROFESOR VISITANTE,"PROFESOR VISITANTE II AÑO, DOCTORADO",,16,FALSO,FALSO,FALSO
PROFESOR VISITANTE,"PROFESOR VISITANTE III AÑO, DOCTORADO",,2,FALSO,FALSO,FALSO
PROFESOR VISITANTE,"PROFESOR VISITANTE III AÑO, MAESTRIA",,6,FALSO,FALSO,FALSO
RECTOR ,RECTOR,,12,FALSO,FALSO,FALSO
TECNICO,TECNICO ASISTENCIAL A,,195,FALSO,FALSO,FALSO
TECNICO,TECNICO ASISTENCIAL A,ASISTENTE DE AGRONOMÍA,84,FALSO,FALSO,FALSO
TECNICO,TECNICO ASISTENCIAL A,ASISTENTE DE APOYO AL SISTEMA DE GESTIÓN DE CALIDAD,18,FALSO,FALSO,FALSO
TECNICO,TECNICO ASISTENCIAL A,ASISTENTE DE INSTALACIÓN DE AUDIO Y VIDEO,12,FALSO,FALSO,FALSO
TECNICO,TECNICO ASISTENCIAL A,ASISTENTE DE OFICINA,3278,FALSO,FALSO,FALSO
TECNICO,TECNICO ASISTENCIAL A,ASISTENTE DE RECEPCIÓN DE MUESTRAS DE INFRAESTRUCTURA VIAL,12,FALSO,FALSO,FALSO
TECNICO,TECNICO ASISTENCIAL A,ASISTENTE DE REPARACIÓN DE MATERIAL BIBLIOGRÁFICO,12,FALSO,FALSO,FALSO
TECNICO,TECNICO ASISTENCIAL A,ASISTENTE DE TALLER ARTÍSTICO,30,FALSO,FALSO,FALSO
TECNICO,TECNICO ASISTENCIAL A,ASISTENTE DE TALLER GRÁFICO,12,FALSO,FALSO,FALSO
TECNICO,TECNICO ASISTENCIAL A,ASISTENTE EN ARCHIVÍSTICA,127,FALSO,FALSO,FALSO
TECNICO,TECNICO ASISTENCIAL A,BODEGUERO,221,FALSO,FALSO,FALSO
TECNICO,TECNICO ASISTENCIAL A,ELECTRICISTA,12,FALSO,FALSO,FALSO
TECNICO,TECNICO ASISTENCIAL A,ENCARGADO DE EQUIPO AUDIOVISUAL E INSTALACIONES,117,FALSO,FALSO,FALSO
TECNICO,TECNICO ASISTENCIAL A,ENCARGADO DE INSTRUMENTOS MUSICALES,24,FALSO,FALSO,FALSO
TECNICO,TECNICO ASISTENCIAL A,ENCARGADO DE SERVICIOS DE CONSERJERÍA E INSTALACIÓN DE ESTRUCTURAS MÓVILES,12,FALSO,FALSO,FALSO
TECNICO,TECNICO ASISTENCIAL A,GUARDAVIDAS,57,FALSO,FALSO,FALSO
TECNICO,TECNICO ASISTENCIAL A,MODELO ARTÍSTICO,38,FALSO,FALSO,FALSO
TECNICO,TECNICO ASISTENCIAL A,OFICIAL DE TRÁNSITO,108,FALSO,FALSO,FALSO
TECNICO,TECNICO ASISTENCIAL A,OPERARIO EN MANTENIMIENTO GENERAL DE INSTALACIONES,953,FALSO,FALSO,FALSO
TECNICO,TECNICO ASISTENCIAL A,RESTAURADOR DE DOCUMENTOS DIGITALES,1,FALSO,FALSO,FALSO
TECNICO,TECNICO ASISTENCIAL A,TÉCNICO EN INSPECCIÓN DE SERVICIOS CONTRATADOS,12,FALSO,FALSO,FALSO
TECNICO,TECNICO ASISTENCIAL B,,294,FALSO,FALSO,FALSO
TECNICO,TECNICO ASISTENCIAL B,ASISTENTE ADMINISTRATIVO DE SERVICIOS ODONTOLÓGICOS,12,FALSO,FALSO,FALSO
TECNICO,TECNICO ASISTENCIAL B,ASISTENTE ADMINISTRATIVO EN CONSTRUCCIÓN DE OBRA CIVIL,12,FALSO,FALSO,FALSO
TECNICO,TECNICO ASISTENCIAL B,ASISTENTE DE ADMINISTRACIÓN,2175,FALSO,FALSO,FALSO
TECNICO,TECNICO ASISTENCIAL B,ASISTENTE DE ALMACENAMIENTO Y DISTRIBUCIÓN,70,FALSO,FALSO,FALSO
TECNICO,TECNICO ASISTENCIAL B,ASISTENTE DE ALMACENAMIENTO Y ENTREGA DE REPUESTOS,12,FALSO,FALSO,FALSO
TECNICO,TECNICO ASISTENCIAL B,ASISTENTE DE ALMACÉN DE MATERIALES Y HERRAMIENTAS,36,FALSO,FALSO,FALSO
TECNICO,TECNICO ASISTENCIAL B,ASISTENTE DE APOYO AL PROCESO DE PRODUCCIÓN,24,FALSO,FALSO,FALSO
TECNICO,TECNICO ASISTENCIAL B,ASISTENTE DE BECAS Y ATENCIÓN SOCIOECONÓMICA,36,FALSO,FALSO,FALSO
TECNICO,TECNICO ASISTENCIAL B,ASISTENTE DE BIBLIOTECOLOGÍA,29,FALSO,FALSO,FALSO
TECNICO,TECNICO ASISTENCIAL B,ASISTENTE DE BIENES INSTITUCIONALES,35,FALSO,FALSO,FALSO
TECNICO,TECNICO ASISTENCIAL B,ASISTENTE DE CONTROL DE TRANSMISIONES RADIOFÓNICAS,12,FALSO,FALSO,FALSO
TECNICO,TECNICO ASISTENCIAL B,ASISTENTE DE DEPARTAMENTO CLÍNICO DOCENTE,12,FALSO,FALSO,FALSO
TECNICO,TECNICO ASISTENCIAL B,ASISTENTE DE ENCUADERNACIÓN,92,FALSO,FALSO,FALSO
TECNICO,TECNICO ASISTENCIAL B,ASISTENTE DE INVESTIGACIÓN ESTADÍSTICA,12,FALSO,FALSO,FALSO
TECNICO,TECNICO ASISTENCIAL B,ASISTENTE DE LABORATORIO,414,FALSO,FALSO,FALSO
TECNICO,TECNICO ASISTENCIAL B,ASISTENTE DE LABORATORIO DE IDIOMAS,12,FALSO,FALSO,FALSO
TECNICO,TECNICO ASISTENCIAL B,ASISTENTE DE MANTENIMIENTO EN EL ÁREA METALMECÁNICA,21,FALSO,FALSO,FALSO
TECNICO,TECNICO ASISTENCIAL B,ASISTENTE DE PRODUCCIÓN TEATRAL,20,FALSO,FALSO,FALSO
TECNICO,TECNICO ASISTENCIAL B,ASISTENTE DE PROGRAMAS DEPORTIVOS Y RECREATIVOS,44,FALSO,FALSO,FALSO
TECNICO,TECNICO ASISTENCIAL B,ASISTENTE DE REGISTRO E INFORMACIÓN ESTUDIANTIL,739,FALSO,FALSO,FALSO
TECNICO,TECNICO ASISTENCIAL B,ASISTENTE DE REPARACIÓN DE TELÉFONOS,11,FALSO,FALSO,FALSO
TECNICO,TECNICO ASISTENCIAL B,ASISTENTE EN APOYO AL PROGRAMA DE PRUEBAS ESPECÍFICAS,12,FALSO,FALSO,FALSO
TECNICO,TECNICO ASISTENCIAL B,"ASISTENTE EN AVERÍAS TELEFÓNICAS E INFORMÁTICAS, LÍNEA 5000",12,FALSO,FALSO,FALSO
TECNICO,TECNICO ASISTENCIAL B,ASISTENTE EN PRODUCCIÓN DE DANZA,9,FALSO,FALSO,FALSO
TECNICO,TECNICO ASISTENCIAL B,ASISTENTE EN REDACCIÓN Y TRANSCRIPCIÓN DE ACTAS,51,FALSO,FALSO,FALSO
TECNICO,TECNICO ASISTENCIAL B,BODEGUERO,12,FALSO,FALSO,FALSO
TECNICO,TECNICO ASISTENCIAL B,CAJERO A,115,FALSO,FALSO,FALSO
TECNICO,TECNICO ASISTENCIAL B,ENCARGADO DE ARMERÍA INSTITUCIONAL,48,FALSO,FALSO,FALSO
TECNICO,TECNICO ASISTENCIAL B,FOTÓGRAFO DE LABORATORIO,6,FALSO,FALSO,FALSO
TECNICO,TECNICO ASISTENCIAL B,FUNDIDOR DE MATERIALES PARA ESCULTURAS,12,FALSO,FALSO,FALSO
TECNICO,TECNICO ASISTENCIAL B,OPERADOR DE EQUIPO DE TRANSMISIÓN TELEVISIVA,24,FALSO,FALSO,FALSO
TECNICO,TECNICO ASISTENCIAL B,OPERARIO EN MANTENIMIENTO GENERAL DE INSTALACIONES DE SEDE,36,FALSO,FALSO,FALSO
TECNICO,TECNICO ASISTENCIAL B,PROMOTOR DE VENTAS,15,FALSO,FALSO,FALSO
TECNICO,TECNICO ASISTENCIAL B,SECRETARIA DE DIRECCIÓN,1029,FALSO,FALSO,FALSO
TECNICO,TECNICO ASISTENCIAL B,SUPERVISOR DE SEGURIDAD,108,FALSO,FALSO,FALSO
TECNICO,TECNICO ASISTENCIAL B,TÉCNICO EN ANÁLISIS DE SISMOGRAMAS,10,FALSO,FALSO,FALSO
TECNICO,TECNICO ASISTENCIAL B,TÉCNICO EN BIBLIOTECOLOGÍA,11,FALSO,FALSO,FALSO
TECNICO,TECNICO ASISTENCIAL B,TÉCNICO EN DISEÑO GRÁFICO,2,FALSO,FALSO,FALSO
TECNICO,TECNICO ESPECIALIZADO A,,167,FALSO,FALSO,FALSO
TECNICO,TECNICO ESPECIALIZADO A,CAJERO B,47,FALSO,FALSO,FALSO
TECNICO,TECNICO ESPECIALIZADO A,EBANISTA,171,FALSO,FALSO,FALSO
TECNICO,TECNICO ESPECIALIZADO A,ELECTRICISTA,182,FALSO,FALSO,FALSO
TECNICO,TECNICO ESPECIALIZADO A,ENCARGADO DE RESGUARDO DE MATERIALES PARA USO ANTIOFÍDICO,12,FALSO,FALSO,FALSO
TECNICO,TECNICO ESPECIALIZADO A,FOTÓGRAFO,23,FALSO,FALSO,FALSO
TECNICO,TECNICO ESPECIALIZADO A,MAQUILLISTA,11,FALSO,FALSO,FALSO
TECNICO,TECNICO ESPECIALIZADO A,MECÁNICO DE MOTOCICLETAS,12,FALSO,FALSO,FALSO
TECNICO,TECNICO ESPECIALIZADO A,SUPERVISOR DE TRÁNSITO,24,FALSO,FALSO,FALSO
TECNICO,TECNICO ESPECIALIZADO A,TÉCNICO EN APOYO A COMPRAS ESPECIALIZADAS DE SEDE,24,FALSO,FALSO,FALSO
TECNICO,TECNICO ESPECIALIZADO A,TÉCNICO EN APOYO ADMINISTRATIVO DE PROYECTOS DE OEPI,12,FALSO,FALSO,FALSO
TECNICO,TECNICO ESPECIALIZADO A,TÉCNICO EN APOYO ADMINISTRATIVO DEL PIAM,12,FALSO,FALSO,FALSO
TECNICO,TECNICO ESPECIALIZADO A,TÉCNICO EN APOYO AL PROCESO ACADÉMICO,12,FALSO,FALSO,FALSO
TECNICO,TECNICO ESPECIALIZADO A,TÉCNICO EN CARGAS ACADÉMICAS,36,FALSO,FALSO,FALSO
TECNICO,TECNICO ESPECIALIZADO A,TÉCNICO EN CONTROL Y FACTURACIÓN DE MATERIAL DIDÁCTICO,41,FALSO,FALSO,FALSO
TECNICO,TECNICO ESPECIALIZADO A,TÉCNICO EN CUSTODIA DE DOCUMENTOS DE VALOR,11,FALSO,FALSO,FALSO
TECNICO,TECNICO ESPECIALIZADO A,TÉCNICO EN DISECCIÓN,11,FALSO,FALSO,FALSO
TECNICO,TECNICO ESPECIALIZADO A,TÉCNICO EN GESTIÓN DE POSGRADOS A,216,FALSO,FALSO,FALSO
TECNICO,TECNICO ESPECIALIZADO A,TÉCNICO EN MANEJO DE COLECCIONES DE INSECTOS,12,FALSO,FALSO,FALSO
TECNICO,TECNICO ESPECIALIZADO A,TÉCNICO EN MANTENIMIENTO DE INSTALACIONES,15,FALSO,FALSO,FALSO
TECNICO,TECNICO ESPECIALIZADO A,TÉCNICO EN RÉGIMEN ACADÉMICO,24,FALSO,FALSO,FALSO
TECNICO,TECNICO ESPECIALIZADO A,TÉCNICO EN TRÁMITE DE SERVICIOS DE CORREO INSTITUCIONAL,24,FALSO,FALSO,FALSO
TECNICO,TECNICO ESPECIALIZADO A,TÉCNICO EN TRÁMITES MIGRATORIOS,10,FALSO,FALSO,FALSO
TECNICO,TECNICO ESPECIALIZADO B,,351,FALSO,FALSO,FALSO
TECNICO,TECNICO ESPECIALIZADO B,ASISTENTE EN COMPUTACIÓN E INFORMÁTICA,112,FALSO,FALSO,FALSO
TECNICO,TECNICO ESPECIALIZADO B,ENCARGADO DE SERVICIOS ADMINISTRATIVOS DE FACULTAD DE CIENCIAS BÁSICAS,12,FALSO,FALSO,FALSO
TECNICO,TECNICO ESPECIALIZADO B,ENCARGADO DE SERVICIOS ADMINISTRATIVOS DE INSTITUTO,48,FALSO,FALSO,FALSO
TECNICO,TECNICO ESPECIALIZADO B,ENCARGADO DE SERVICIOS ADMINISTRATIVOS DE LA URAP,12,FALSO,FALSO,FALSO
TECNICO,TECNICO ESPECIALIZADO B,LABORES DE ASISTENTE DE ADMINISTRACIÓN,12,FALSO,FALSO,FALSO
TECNICO,TECNICO ESPECIALIZADO B,SECRETARIA DEL CONSEJO DEL SEP,12,FALSO,FALSO,FALSO
TECNICO,TECNICO ESPECIALIZADO B,TÉCNICO DE LABORATORIO DE ARQUEOLOGÍA,2,FALSO,FALSO,FALSO
TECNICO,TECNICO ESPECIALIZADO B,TÉCNICO DE LABORATORIO DE BOTÁNICA Y MICOLOGÍA,12,FALSO,FALSO,FALSO
TECNICO,TECNICO ESPECIALIZADO B,TÉCNICO DE LABORATORIO DE COLECCIONES DE PECES Y LARVAS DE PECES,12,FALSO,FALSO,FALSO
TECNICO,TECNICO ESPECIALIZADO B,TÉCNICO DE LABORATORIO DE GEOTECNIA,12,FALSO,FALSO,FALSO
TECNICO,TECNICO ESPECIALIZADO B,TÉCNICO DE LABORATORIO DE INGENIERÍA QUÍMICA,12,FALSO,FALSO,FALSO
TECNICO,TECNICO ESPECIALIZADO B,TÉCNICO DE LABORATORIO DE MICROALGAS,12,FALSO,FALSO,FALSO
TECNICO,TECNICO ESPECIALIZADO B,TÉCNICO DE LABORATORIO DE SISMOLOGÍA,12,FALSO,FALSO,FALSO
TECNICO,TECNICO ESPECIALIZADO B,TÉCNICO DE LABORATORIO DE VIROLOGÍA,12,FALSO,FALSO,FALSO
TECNICO,TECNICO ESPECIALIZADO B,TÉCNICO DE LABORATORIO EN ALIMENTOS PARA ANIMALES,24,FALSO,FALSO,FALSO
TECNICO,TECNICO ESPECIALIZADO B,TÉCNICO DE LABORATORIO EN ANATOMÍA,12,FALSO,FALSO,FALSO
TECNICO,TECNICO ESPECIALIZADO B,TÉCNICO DE LABORATORIO EN BIOLOGÍA,38,FALSO,FALSO,FALSO
TECNICO,TECNICO ESPECIALIZADO B,TÉCNICO DE LABORATORIO EN BIOLOGÍA MOLECULAR,12,FALSO,FALSO,FALSO
TECNICO,TECNICO ESPECIALIZADO B,TÉCNICO DE LABORATORIO EN BIOTECNOLOGÍA DE PLANTAS,12,FALSO,FALSO,FALSO
TECNICO,TECNICO ESPECIALIZADO B,TÉCNICO DE LABORATORIO EN ENFERMEDADES TROPICALES,12,FALSO,FALSO,FALSO
TECNICO,TECNICO ESPECIALIZADO B,TÉCNICO DE LABORATORIO EN ESPECTROMETRÍA GAMMA,12,FALSO,FALSO,FALSO
TECNICO,TECNICO ESPECIALIZADO B,TÉCNICO DE LABORATORIO EN FARMACOGNOSIA,12,FALSO,FALSO,FALSO
TECNICO,TECNICO ESPECIALIZADO B,TÉCNICO DE LABORATORIO EN GRANOS Y SEMILLAS,36,FALSO,FALSO,FALSO
TECNICO,TECNICO ESPECIALIZADO B,TÉCNICO DE LABORATORIO EN INVESTIGACIONES AGRONÓMICAS,17,FALSO,FALSO,FALSO
TECNICO,TECNICO ESPECIALIZADO B,TÉCNICO DE LABORATORIO EN MEDICINA,50,FALSO,FALSO,FALSO
TECNICO,TECNICO ESPECIALIZADO B,TÉCNICO DE LABORATORIO EN MICROSCOPÍA ELECTRÓNICA,12,FALSO,FALSO,FALSO
TECNICO,TECNICO ESPECIALIZADO B,TÉCNICO DE LABORATORIO EN MOVIMIENTO HUMANO,12,FALSO,FALSO,FALSO
TECNICO,TECNICO ESPECIALIZADO B,TÉCNICO DE LABORATORIO EN MUESTRAS SANGUÍNEAS,24,FALSO,FALSO,FALSO
TECNICO,TECNICO ESPECIALIZADO B,TÉCNICO DE LABORATORIO EN NEUROCIENCIAS,24,FALSO,FALSO,FALSO
TECNICO,TECNICO ESPECIALIZADO B,TÉCNICO DE LABORATORIO EN PREPARACIÓN DE MUESTRAS HISTOLÓGICAS,24,FALSO,FALSO,FALSO
TECNICO,TECNICO ESPECIALIZADO B,TÉCNICO DE LABORATORIO EN PRESERVACIÓN DE MUESTRAS BIOLÓGICAS,12,FALSO,FALSO,FALSO
TECNICO,TECNICO ESPECIALIZADO B,TÉCNICO DE LABORATORIO EN QUÍMICA,140,FALSO,FALSO,FALSO
TECNICO,TECNICO ESPECIALIZADO B,TÉCNICO DE LABORATORIO EN QUÍMICA DE SUELOS,12,FALSO,FALSO,FALSO
TECNICO,TECNICO ESPECIALIZADO B,TÉCNICO DE LABORATORIO EN QUÍMICA DE TECNOLOGÍA DE ALIMENTOS,12,FALSO,FALSO,FALSO
TECNICO,TECNICO ESPECIALIZADO B,TÉCNICO DE LABORATORIO EN SUEROS,12,FALSO,FALSO,FALSO
TECNICO,TECNICO ESPECIALIZADO B,TÉCNICO DE LABORATORIO EN TECNOLOGÍA DE ALIMENTOS,60,FALSO,FALSO,FALSO
TECNICO,TECNICO ESPECIALIZADO B,TÉCNICO EN ADMISIÓN ESTUDIANTIL,12,FALSO,FALSO,FALSO
TECNICO,TECNICO ESPECIALIZADO B,TÉCNICO EN ALMACENAMIENTO Y DISTRIBUCIÓN DE BIENES,12,FALSO,FALSO,FALSO
TECNICO,TECNICO ESPECIALIZADO B,TÉCNICO EN APOYO A ADMISIÓN Y MATRÍCULA,71,FALSO,FALSO,FALSO
TECNICO,TECNICO ESPECIALIZADO B,TÉCNICO EN APOYO A COORDINACIÓN ADMINISTRATIVA DE LA OSG,12,FALSO,FALSO,FALSO
TECNICO,TECNICO ESPECIALIZADO B,TÉCNICO EN APOYO A EXPEDIENTES Y CERTIFICACIONES,48,FALSO,FALSO,FALSO
TECNICO,TECNICO ESPECIALIZADO B,TÉCNICO EN APOYO A GRADUACIONES ESTUDIANTILES,10,FALSO,FALSO,FALSO
TECNICO,TECNICO ESPECIALIZADO B,TÉCNICO EN APOYO A LA GESTIÓN DE VICERRECTORIA DE ADMINISTRACIÓN,24,FALSO,FALSO,FALSO
TECNICO,TECNICO ESPECIALIZADO B,TÉCNICO EN APOYO A LA GESTIÓN DE VICERRECTORÍA DE DOCENCIA,12,FALSO,FALSO,FALSO
TECNICO,TECNICO ESPECIALIZADO B,TÉCNICO EN APOYO A LA INVESTIGACIÓN DE PROYECTOS BIOMÉDICOS,12,FALSO,FALSO,FALSO
TECNICO,TECNICO ESPECIALIZADO B,TÉCNICO EN APOYO A LA INVESTIGACIÓN EN SALUD,72,FALSO,FALSO,FALSO
TECNICO,TECNICO ESPECIALIZADO B,TÉCNICO EN APOYO A LA INVESTIGACIÓN EN ÁREAS PROTEGIDAS,12,FALSO,FALSO,FALSO
TECNICO,TECNICO ESPECIALIZADO B,TÉCNICO EN APOYO A LOS PROCESOS DE DOCENCIA DE SEDE DEL ATLÁNTICO,12,FALSO,FALSO,FALSO
TECNICO,TECNICO ESPECIALIZADO B,TÉCNICO EN APOYO A LOS PROCESOS DE RECURSOS HUMANOS DE SEDE,12,FALSO,FALSO,FALSO
TECNICO,TECNICO ESPECIALIZADO B,TÉCNICO EN APOYO A MICROBIOLOGÍA DE AGUAS,1,FALSO,FALSO,FALSO
TECNICO,TECNICO ESPECIALIZADO B,TÉCNICO EN APOYO A SERVICIOS ADMINISTRATIVOS Y ESTUDIANTILES,44,FALSO,FALSO,FALSO
TECNICO,TECNICO ESPECIALIZADO B,TÉCNICO EN APOYO A SERVICIOS DE TRANSPORTE,12,FALSO,FALSO,FALSO
TECNICO,TECNICO ESPECIALIZADO B,TÉCNICO EN APOYO A VIROLOGÍA MÉDICA,12,FALSO,FALSO,FALSO
TECNICO,TECNICO ESPECIALIZADO B,TÉCNICO EN APOYO ADMINISTRATIVO A PROYECTOS DE INVESTIGACIÓN DEL CICA,12,FALSO,FALSO,FALSO
TECNICO,TECNICO ESPECIALIZADO B,TÉCNICO EN APOYO ADMINISTRATIVO DE BODEGAS,12,FALSO,FALSO,FALSO
TECNICO,TECNICO ESPECIALIZADO B,TÉCNICO EN APOYO ADMINISTRATIVO DE CAJAS,23,FALSO,FALSO,FALSO
TECNICO,TECNICO ESPECIALIZADO B,TÉCNICO EN APOYO ADMINISTRATIVO DE DIRECCIÓN,12,FALSO,FALSO,FALSO
TECNICO,TECNICO ESPECIALIZADO B,TÉCNICO EN APOYO ADMINISTRATIVO DE MAQUINARIA Y EQUIPO,12,FALSO,FALSO,FALSO
TECNICO,TECNICO ESPECIALIZADO B,TÉCNICO EN APOYO AL PROCESO DE DANZA UNIVERSITARIA,12,FALSO,FALSO,FALSO
TECNICO,TECNICO ESPECIALIZADO B,TÉCNICO EN APOYO AL PROCESO DE RÉGIMEN ACADÉMICO,12,FALSO,FALSO,FALSO
TECNICO,TECNICO ESPECIALIZADO B,TÉCNICO EN APOYO AL PROCESO DE VACACIONES,24,FALSO,FALSO,FALSO
TECNICO,TECNICO ESPECIALIZADO B,TÉCNICO EN ASIGNACIÓN DE BECAS DE ESTÍMULO,24,FALSO,FALSO,FALSO
TECNICO,TECNICO ESPECIALIZADO B,TÉCNICO EN ASISTENCIA DENTAL,360,FALSO,FALSO,FALSO
TECNICO,TECNICO ESPECIALIZADO B,TÉCNICO EN ASUNTOS DELICTIVOS,24,FALSO,FALSO,FALSO
TECNICO,TECNICO ESPECIALIZADO B,TÉCNICO EN ASUNTOS ESTUDIANTILES DEL SEP,24,FALSO,FALSO,FALSO
TECNICO,TECNICO ESPECIALIZADO B,TÉCNICO EN BIBLIOTECOLOGÍA,1066,FALSO,FALSO,FALSO
TECNICO,TECNICO ESPECIALIZADO B,TÉCNICO EN CERTIFICACIONES Y CONSTANCIAS DE SALARIO Y PENSIÓN,7,FALSO,FALSO,FALSO
TECNICO,TECNICO ESPECIALIZADO B,TÉCNICO EN COMPRA DE RECURSOS BIBLIOGRÁFICOS,9,FALSO,FALSO,FALSO
TECNICO,TECNICO ESPECIALIZADO B,TÉCNICO EN COMPRAS ESPECIALIZADAS,66,FALSO,FALSO,FALSO
TECNICO,TECNICO ESPECIALIZADO B,TÉCNICO EN CONTROL DE EJECUCIÓN PRESUPUESTARIA,12,FALSO,FALSO,FALSO
TECNICO,TECNICO ESPECIALIZADO B,TÉCNICO EN CONTROL DE FLOTILLA VEHÍCULAR,12,FALSO,FALSO,FALSO
TECNICO,TECNICO ESPECIALIZADO B,TÉCNICO EN CONTROL DE MATERIALES Y ACTIVOS,12,FALSO,FALSO,FALSO
TECNICO,TECNICO ESPECIALIZADO B,TÉCNICO EN CONTROL DE PUBLICACIONES PERIÓDICAS,12,FALSO,FALSO,FALSO
TECNICO,TECNICO ESPECIALIZADO B,TÉCNICO EN DIAGRAMACIÓN Y SERVICIO DE AUDIO,12,FALSO,FALSO,FALSO
TECNICO,TECNICO ESPECIALIZADO B,TÉCNICO EN DIBUJO DE PLANOS CONSTRUCTIVOS,59,FALSO,FALSO,FALSO
TECNICO,TECNICO ESPECIALIZADO B,TÉCNICO EN DISEÑO GRÁFICO,180,FALSO,FALSO,FALSO
TECNICO,TECNICO ESPECIALIZADO B,TÉCNICO EN DONACIÓN Y DEPÓSITOS DE RECURSOS BIBLIOGRÁFICOS,12,FALSO,FALSO,FALSO
TECNICO,TECNICO ESPECIALIZADO B,TÉCNICO EN ENSAYOS DE INFRAESTRUCTURAS CIVIL Y VIAL,24,FALSO,FALSO,FALSO
TECNICO,TECNICO ESPECIALIZADO B,TÉCNICO EN ETIQUETADO Y EMPAQUE DE ANTIVENENOS,12,FALSO,FALSO,FALSO
TECNICO,TECNICO ESPECIALIZADO B,TÉCNICO EN GESTIÓN ADMINISTRATIVA DE LA ESCUELA DE QUÍMICA,12,FALSO,FALSO,FALSO
TECNICO,TECNICO ESPECIALIZADO B,TÉCNICO EN GESTIÓN ADMINISTRATIVA DEL SEP,12,FALSO,FALSO,FALSO
TECNICO,TECNICO ESPECIALIZADO B,TÉCNICO EN GESTIÓN DE GRADUACIONES DE SEDE DE OCCIDENTE,12,FALSO,FALSO,FALSO
TECNICO,TECNICO ESPECIALIZADO B,TÉCNICO EN GESTIÓN DE MOVIMIENTOS DE PERSONAL,48,FALSO,FALSO,FALSO
TECNICO,TECNICO ESPECIALIZADO B,TÉCNICO EN GESTIÓN DE POSGRADOS B,204,FALSO,FALSO,FALSO
TECNICO,TECNICO ESPECIALIZADO B,TÉCNICO EN GESTIÓN MUNICIPAL,12,FALSO,FALSO,FALSO
TECNICO,TECNICO ESPECIALIZADO B,TÉCNICO EN GRABACIÓN AUDIOVISUAL DE ARTES DRAMÁTICAS,12,FALSO,FALSO,FALSO
TECNICO,TECNICO ESPECIALIZADO B,TÉCNICO EN GRADUACIONES DE HONOR,12,FALSO,FALSO,FALSO
TECNICO,TECNICO ESPECIALIZADO B,TÉCNICO EN IMPRESIÓN,141,FALSO,FALSO,FALSO
TECNICO,TECNICO ESPECIALIZADO B,TÉCNICO EN INSCRIPCIÓN DE RECURSOS BIBLIOGRÁFICOS,5,FALSO,FALSO,FALSO
TECNICO,TECNICO ESPECIALIZADO B,TÉCNICO EN MANEJO DE ANIMALES DE LABORATORIO,48,FALSO,FALSO,FALSO
TECNICO,TECNICO ESPECIALIZADO B,TÉCNICO EN MANTENIMIENTO DE ACELERÓGRAFOS,23,FALSO,FALSO,FALSO
TECNICO,TECNICO ESPECIALIZADO B,TÉCNICO EN MANTENIMIENTO DE EQUIPO,158,FALSO,FALSO,FALSO
TECNICO,TECNICO ESPECIALIZADO B,TÉCNICO EN MANTENIMIENTO DE EQUIPO DE ESTRUCTURAS MICROSCÓPICAS,12,FALSO,FALSO,FALSO
TECNICO,TECNICO ESPECIALIZADO B,TÉCNICO EN MANTENIMIENTO DE EQUIPO DE LABORATORIO,72,FALSO,FALSO,FALSO
TECNICO,TECNICO ESPECIALIZADO B,TÉCNICO EN MANTENIMIENTO DE EQUIPO E INSTALACIONES,24,FALSO,FALSO,FALSO
TECNICO,TECNICO ESPECIALIZADO B,"TÉCNICO EN MANTENIMIENTO DE EQUIPOS DE SISMOLOGÍA, VULCANOLOGÍA Y EXPLORACIÓN GEOFÍSICA",12,FALSO,FALSO,FALSO
TECNICO,TECNICO ESPECIALIZADO B,TÉCNICO EN MECÁNICA AUTOMOTRIZ,70,FALSO,FALSO,FALSO
TECNICO,TECNICO ESPECIALIZADO B,TÉCNICO EN PAGO DE DESIGNACIONES,24,FALSO,FALSO,FALSO
TECNICO,TECNICO ESPECIALIZADO B,TÉCNICO EN PROCESOS ELECTORALES,10,FALSO,FALSO,FALSO
TECNICO,TECNICO ESPECIALIZADO B,TÉCNICO EN RECONOCIMIENTO DE ESTUDIOS,36,FALSO,FALSO,FALSO
TECNICO,TECNICO ESPECIALIZADO B,TÉCNICO EN SERVICIOS DE LABORATORIO,48,FALSO,FALSO,FALSO
TECNICO,TECNICO ESPECIALIZADO B,TÉCNICO EN SERVICIOS MULTIMEDIA,224,FALSO,FALSO,FALSO
TECNICO,TECNICO ESPECIALIZADO B,TÉCNICO EN SERVICIOS MULTIMEDIA E INFORMÁTICOS,24,FALSO,FALSO,FALSO
TECNICO,TECNICO ESPECIALIZADO B,TÉCNICO EN SISTEMAS DE SEGURIDAD ELECTRÓNICA,45,FALSO,FALSO,FALSO
TECNICO,TECNICO ESPECIALIZADO B,TÉCNICO EN SONIDO TELEVISIVO,24,FALSO,FALSO,FALSO
TECNICO,TECNICO ESPECIALIZADO B,TÉCNICO EN TOPOGRAFÍA,9,FALSO,FALSO,FALSO
TECNICO,TECNICO ESPECIALIZADO B,TÉCNICO EN TRÁMITE DE PAGO DE FACTURAS,9,FALSO,FALSO,FALSO
TECNICO,TECNICO ESPECIALIZADO B,TÉCNICO EN TRÁMITES DE PERSONAL DOCENTE,5,FALSO,FALSO,FALSO
TECNICO,TECNICO ESPECIALIZADO B,TÉCNICO EN VERIFICACIÓN DE RECURSOS BIBLIOGRÁFICOS,9,FALSO,FALSO,FALSO
TECNICO,TECNICO ESPECIALIZADO B,TÉCNICO ENCARGADO DE EQUIPO AUDIOVISUAL Y DE SIMULACIÓN CLÍNICA,12,FALSO,FALSO,FALSO
TECNICO,TECNICO ESPECIALIZADO C,,90,FALSO,FALSO,FALSO
TECNICO,TECNICO ESPECIALIZADO C,BAILARÍN,111,FALSO,FALSO,FALSO
TECNICO,TECNICO ESPECIALIZADO C,INTÉRPRETE DE LENGUA DE SEÑAS COSTARRICENSE,29,FALSO,FALSO,FALSO
TECNICO,TECNICO ESPECIALIZADO C,TÉCNICO COORDINADOR DE ALMACÉN DE MATERIALES Y HERRAMIENTAS,12,FALSO,FALSO,FALSO
TECNICO,TECNICO ESPECIALIZADO C,TÉCNICO DE CONTROL DE TRATAMIENTO CLÍNICO,24,FALSO,FALSO,FALSO
TECNICO,TECNICO ESPECIALIZADO C,TÉCNICO EN ACTIVOS FIJOS,12,FALSO,FALSO,FALSO
TECNICO,TECNICO ESPECIALIZADO C,TÉCNICO EN APOYO A INGENIERÍA ELÉCTRICA,12,FALSO,FALSO,FALSO
TECNICO,TECNICO ESPECIALIZADO C,TÉCNICO EN APOYO A LA DOCENCIA EN PRODUCCIÓN AUDIOVISUAL,60,FALSO,FALSO,FALSO
TECNICO,TECNICO ESPECIALIZADO C,TÉCNICO EN APOYO A LA PRESERVACIÓN DE LA RED DE COLECCIONES NATURALES,12,FALSO,FALSO,FALSO
TECNICO,TECNICO ESPECIALIZADO C,TÉCNICO EN APOYO ADMINISTRATIVO A LA PRUEBA DE APTITUD ACADÉMICA,12,FALSO,FALSO,FALSO
TECNICO,TECNICO ESPECIALIZADO C,TÉCNICO EN APOYO ADMINISTRATIVO AL CASED,12,FALSO,FALSO,FALSO
TECNICO,TECNICO ESPECIALIZADO C,TÉCNICO EN APOYO AL PROCESO ADMINISTRATIVO DE VICERRECTORÍA,60,FALSO,FALSO,FALSO
TECNICO,TECNICO ESPECIALIZADO C,TÉCNICO EN APOYO AL SISTEMA DE GESTIÓN DE LA CALIDAD Y DESEMPEÑO.,1,FALSO,FALSO,FALSO
TECNICO,TECNICO ESPECIALIZADO C,TÉCNICO EN ARCHIVO UNIVERSITARIO,24,FALSO,FALSO,FALSO
TECNICO,TECNICO ESPECIALIZADO C,TÉCNICO EN ARCHIVÍSTICA,229,FALSO,FALSO,FALSO
TECNICO,TECNICO ESPECIALIZADO C,TÉCNICO EN CATALOGACIÓN,46,FALSO,FALSO,FALSO
TECNICO,TECNICO ESPECIALIZADO C,TÉCNICO EN CATALOGACIÓN Y ADQUISICIÓN DE RECURSOS BIBLIOGRÁFICOS DE SEDE,64,FALSO,FALSO,FALSO
TECNICO,TECNICO ESPECIALIZADO C,TÉCNICO EN CONTROL INTERNO DE RECURSOS HUMANOS,48,FALSO,FALSO,FALSO
TECNICO,TECNICO ESPECIALIZADO C,TÉCNICO EN EDUCACIÓN PREESCOLAR,93,FALSO,FALSO,FALSO
TECNICO,TECNICO ESPECIALIZADO C,TÉCNICO EN LENGUAS AUTÓCTONAS,12,FALSO,FALSO,FALSO
TECNICO,TECNICO ESPECIALIZADO C,TÉCNICO EN REVISIÓN DE EQUIPO,13,FALSO,FALSO,FALSO
TECNICO,TECNICO ESPECIALIZADO C,TÉCNICO EN SALUD AMBIENTAL,11,FALSO,FALSO,FALSO
TECNICO,TECNICO ESPECIALIZADO C,TÉCNICO EN SERVICIOS DE VIDEOTECA,12,FALSO,FALSO,FALSO
TECNICO,TECNICO ESPECIALIZADO C,TÉCNICO EN TRÁMITE DE BECAS AL EXTERIOR,45,FALSO,FALSO,FALSO
TECNICO,TECNICO ESPECIALIZADO C,TÉCNICO EN TRÁMITE DE CONVENIOS Y LOGÍSTICA,4,FALSO,FALSO,FALSO
TECNICO,TECNICO ESPECIALIZADO C,TÉCNICO EN TRÁMITES DE VIÁTICOS AL EXTERIOR,24,FALSO,FALSO,FALSO
TECNICO,TECNICO ESPECIALIZADO C,TÉCNICO EN TRÁMITES INSTITUCIONALES DE RECTORÍA,12,FALSO,FALSO,FALSO
TECNICO,TECNICO ESPECIALIZADO D,,451,FALSO,FALSO,FALSO
TECNICO,TECNICO ESPECIALIZADO D,CAMARÓGRAFO,52,FALSO,FALSO,FALSO
TECNICO,TECNICO ESPECIALIZADO D,EDITOR DE PRODUCCIONES AUDIOVISUALES,21,FALSO,FALSO,FALSO
TECNICO,TECNICO ESPECIALIZADO D,ENCARGADO DE BODEGA DE MATERIALES ODONTOLÓGICOS,10,FALSO,FALSO,FALSO
TECNICO,TECNICO ESPECIALIZADO D,ENCARGADO DE SERVICIOS ADMINISTRATIVOS DE CENTRO,201,FALSO,FALSO,FALSO
TECNICO,TECNICO ESPECIALIZADO D,ENCARGADO DE SERVICIOS ADMINISTRATIVOS DE OFICINA,128,FALSO,FALSO,FALSO
TECNICO,TECNICO ESPECIALIZADO D,ENCARGADO DE SERVICIOS ADMINISTRATIVOS DE RECINTO,12,FALSO,FALSO,FALSO
TECNICO,TECNICO ESPECIALIZADO D,ENCARGADO DE TRÁMITES DE RECURSOS HUMANOS DE SEDE,48,FALSO,FALSO,FALSO
TECNICO,TECNICO ESPECIALIZADO D,JEFATURA ADMINISTRATIVA A DE CENTRO,12,FALSO,FALSO,FALSO
TECNICO,TECNICO ESPECIALIZADO D,LOCUTOR,90,FALSO,FALSO,FALSO
TECNICO,TECNICO ESPECIALIZADO D,PROFESIONAL EN DESARROLLO DE APLICACIONES WEB Y MANTENIMIENTO DE EQUIPO EN EL LABORATORIO DE INGENIERÍA SÍSMICA,12,FALSO,FALSO,FALSO
TECNICO,TECNICO ESPECIALIZADO D,PROFESIONAL EN GESTIÓN DEL DESEMPEÑO,12,FALSO,FALSO,FALSO
TECNICO,TECNICO ESPECIALIZADO D,PROFESIONAL EN SALUD OCUPACIONAL,12,FALSO,FALSO,FALSO
TECNICO,TECNICO ESPECIALIZADO D,REALIZADOR,26,FALSO,FALSO,FALSO
TECNICO,TECNICO ESPECIALIZADO D,SECRETARIA EJECUTIVA DE RECTORÍA Y CONSEJO UNIVERSITARIO,48,FALSO,FALSO,FALSO
TECNICO,TECNICO ESPECIALIZADO D,TÉCNICO COORDINADOR DE ALMACENAMIENTO Y DISTRIBUCIÓN,5,FALSO,FALSO,FALSO
TECNICO,TECNICO ESPECIALIZADO D,TÉCNICO COORDINADOR DE ASISTENCIA DENTAL,12,FALSO,FALSO,FALSO
TECNICO,TECNICO ESPECIALIZADO D,TÉCNICO COORDINADOR DE ASUNTOS DELICITIVOS,12,FALSO,FALSO,FALSO
TECNICO,TECNICO ESPECIALIZADO D,TÉCNICO COORDINADOR DE AUDIO,12,FALSO,FALSO,FALSO
TECNICO,TECNICO ESPECIALIZADO D,TÉCNICO COORDINADOR DE GRUPO ARTÍSTICO,26,FALSO,FALSO,FALSO
TECNICO,TECNICO ESPECIALIZADO D,TÉCNICO COORDINADOR DE MANTENIMIENTO,234,FALSO,FALSO,FALSO
TECNICO,TECNICO ESPECIALIZADO D,TÉCNICO COORDINADOR DE MANTENIMIENTO AUTOMOTRIZ,24,FALSO,FALSO,FALSO
TECNICO,TECNICO ESPECIALIZADO D,TÉCNICO COORDINADOR DEL CENTRO DE PRODUCCIÓN AUDIOVISUAL,12,FALSO,FALSO,FALSO
TECNICO,TECNICO ESPECIALIZADO D,TÉCNICO COORDINADOR DEL SERVICIO DE ESTERILIZACIÓN,9,FALSO,FALSO,FALSO
TECNICO,TECNICO ESPECIALIZADO D,TÉCNICO COORDINADOR EN DIBUJO DE PLANOS CONSTRUCTIVOS,12,FALSO,FALSO,FALSO
TECNICO,TECNICO ESPECIALIZADO D,TÉCNICO COORDINADOR EN SISTEMAS DE SEGURIDAD ELECTRÓNICA,12,FALSO,FALSO,FALSO
TECNICO,TECNICO ESPECIALIZADO D,TÉCNICO DE ASUNTOS ESTUDIANTILES DE RECINTO,12,FALSO,FALSO,FALSO
TECNICO,TECNICO ESPECIALIZADO D,TÉCNICO DE LABORATORIO CLÍNICO,15,FALSO,FALSO,FALSO
TECNICO,TECNICO ESPECIALIZADO D,TÉCNICO DE LABORATORIO DE ANÁLISIS CLÍNICOS,48,FALSO,FALSO,FALSO
TECNICO,TECNICO ESPECIALIZADO D,TÉCNICO DE LABORATORIO DE FÓSILES,12,FALSO,FALSO,FALSO
TECNICO,TECNICO ESPECIALIZADO D,TÉCNICO DE LABORATORIO DE PRODUCTOS FORESTALES,12,FALSO,FALSO,FALSO
TECNICO,TECNICO ESPECIALIZADO D,TÉCNICO DE LABORATORIO DE TÉCNICAS MOLECULARES,11,FALSO,FALSO,FALSO
TECNICO,TECNICO ESPECIALIZADO D,TÉCNICO DE LABORATORIO EN BIOLOGÍA GENÉTICA,60,FALSO,FALSO,FALSO
TECNICO,TECNICO ESPECIALIZADO D,TÉCNICO DE LABORATORIO EN BIOTECNOLOGÍA,24,FALSO,FALSO,FALSO
TECNICO,TECNICO ESPECIALIZADO D,TÉCNICO DE LABORATORIO EN BROMATOLOGÍA,12,FALSO,FALSO,FALSO
TECNICO,TECNICO ESPECIALIZADO D,TÉCNICO DE LABORATORIO EN CALIDAD DE MEDICAMENTOS,36,FALSO,FALSO,FALSO
TECNICO,TECNICO ESPECIALIZADO D,TÉCNICO DE LABORATORIO EN CONTROL DE CALIDAD,24,FALSO,FALSO,FALSO
TECNICO,TECNICO ESPECIALIZADO D,TÉCNICO DE LABORATORIO EN ENSAYOS BIOLÓGICOS,10,FALSO,FALSO,FALSO
TECNICO,TECNICO ESPECIALIZADO D,TÉCNICO DE LABORATORIO EN ENSAYOS DE RECURSOS NATURALES,24,FALSO,FALSO,FALSO
TECNICO,TECNICO ESPECIALIZADO D,TÉCNICO DE LABORATORIO EN FARMACIA,21,FALSO,FALSO,FALSO
TECNICO,TECNICO ESPECIALIZADO D,TÉCNICO DE LABORATORIO EN FITOPATOLOGÍA,12,FALSO,FALSO,FALSO
TECNICO,TECNICO ESPECIALIZADO D,TÉCNICO DE LABORATORIO EN INGENIERÍA MARÍTIMA,12,FALSO,FALSO,FALSO
TECNICO,TECNICO ESPECIALIZADO D,TÉCNICO DE LABORATORIO EN INGENIERÍA MECÁNICA,12,FALSO,FALSO,FALSO
TECNICO,TECNICO ESPECIALIZADO D,TÉCNICO DE LABORATORIO EN MANEJO DE PATÓGENOS Y TÉCNICAS MOLECULARES,12,FALSO,FALSO,FALSO
TECNICO,TECNICO ESPECIALIZADO D,TÉCNICO DE LABORATORIO EN MICROBIOLOGÍA,48,FALSO,FALSO,FALSO
TECNICO,TECNICO ESPECIALIZADO D,TÉCNICO DE LABORATORIO EN PROCESAMIENTO DE PLASMA,12,FALSO,FALSO,FALSO
TECNICO,TECNICO ESPECIALIZADO D,TÉCNICO DE LABORATORIO EN RADIOQUÍMICA,12,FALSO,FALSO,FALSO
TECNICO,TECNICO ESPECIALIZADO D,TÉCNICO DE LABORATORIO EN SERVICIOS ANALÍTICOS,12,FALSO,FALSO,FALSO
TECNICO,TECNICO ESPECIALIZADO D,TÉCNICO DE LABORATORIO EN VIROLOGÍA MÉDICA,24,FALSO,FALSO,FALSO
TECNICO,TECNICO ESPECIALIZADO D,TÉCNICO EN ABOGACÍA,12,FALSO,FALSO,FALSO
TECNICO,TECNICO ESPECIALIZADO D,TÉCNICO EN ADQUISICIÓN DE BIENES Y SERVICIOS POR COMPRA DIRECTA,12,FALSO,FALSO,FALSO
TECNICO,TECNICO ESPECIALIZADO D,TÉCNICO EN ADQUISICIÓN DE BIENES Y SERVICIOS POR FONDOS DE TRABAJO,112,FALSO,FALSO,FALSO
TECNICO,TECNICO ESPECIALIZADO D,TÉCNICO EN ANÁLISIS MICROBIOLÓGICO DE ALIMENTOS PARA ANIMALES,12,FALSO,FALSO,FALSO
TECNICO,TECNICO ESPECIALIZADO D,TÉCNICO EN APOYO A DIRECCIÓN DE SEDE,24,FALSO,FALSO,FALSO
TECNICO,TECNICO ESPECIALIZADO D,TÉCNICO EN APOYO A INVESTIGACIONES FARMACÉUTICAS,11,FALSO,FALSO,FALSO
TECNICO,TECNICO ESPECIALIZADO D,TÉCNICO EN APOYO A LA DIRECCIÓN DE MEGAPROYECTOS,12,FALSO,FALSO,FALSO
TECNICO,TECNICO ESPECIALIZADO D,TÉCNICO EN APOYO A LA INVESTIGACIÓN DEL SERPENTARIO,11,FALSO,FALSO,FALSO
TECNICO,TECNICO ESPECIALIZADO D,TÉCNICO EN APOYO A LA INVESTIGACIÓN EN BIOTECNOLOGÍA DE PLANTAS,12,FALSO,FALSO,FALSO
TECNICO,TECNICO ESPECIALIZADO D,TÉCNICO EN APOYO A LA INVESTIGACIÓN MARINA,12,FALSO,FALSO,FALSO
TECNICO,TECNICO ESPECIALIZADO D,TÉCNICO EN APOYO A LA INVESTIGACIÓN Y PRESERVACIÓN DE ÁREAS PROTEGIDAS,12,FALSO,FALSO,FALSO
TECNICO,TECNICO ESPECIALIZADO D,TÉCNICO EN APOYO ADMINISTRATIVO A EDICIÓN DE REVISTA,26,FALSO,FALSO,FALSO
TECNICO,TECNICO ESPECIALIZADO D,TÉCNICO EN APOYO FINANCIERO DE SEDE,5,FALSO,FALSO,FALSO
TECNICO,TECNICO ESPECIALIZADO D,TÉCNICO EN APROVISIONAMIENTO INFORMÁTICO,36,FALSO,FALSO,FALSO
TECNICO,TECNICO ESPECIALIZADO D,TÉCNICO EN ASISTENCIA EDITORIAL,12,FALSO,FALSO,FALSO
TECNICO,TECNICO ESPECIALIZADO D,TÉCNICO EN ASTRONOMÍA OBSERVACIONAL,12,FALSO,FALSO,FALSO
TECNICO,TECNICO ESPECIALIZADO D,TÉCNICO EN BECAS Y BENEFICIOS COMPLEMENTARIOS DE SEDE,24,FALSO,FALSO,FALSO
TECNICO,TECNICO ESPECIALIZADO D,TÉCNICO EN COBROS ESTUDIANTILES,48,FALSO,FALSO,FALSO
TECNICO,TECNICO ESPECIALIZADO D,TÉCNICO EN COMPRA DE BIENES AL EXTERIOR,12,FALSO,FALSO,FALSO
TECNICO,TECNICO ESPECIALIZADO D,TÉCNICO EN COMPRAS ESPECIALIZADAS DE SEDE,48,FALSO,FALSO,FALSO
TECNICO,TECNICO ESPECIALIZADO D,TÉCNICO EN COMPUTACIÓN E INFORMÁTICA,1095,FALSO,FALSO,FALSO
TECNICO,TECNICO ESPECIALIZADO D,TÉCNICO EN CONTABILIDAD,12,FALSO,FALSO,FALSO
TECNICO,TECNICO ESPECIALIZADO D,TÉCNICO EN CONTROL DE COBRO DE SERVICIOS ODONTOLÓGICOS,12,FALSO,FALSO,FALSO
TECNICO,TECNICO ESPECIALIZADO D,TÉCNICO EN CONTROL DE DISTRIBUCIÓN Y COBRO DEL SEMANARIO UNIVERSIDAD,12,FALSO,FALSO,FALSO
TECNICO,TECNICO ESPECIALIZADO D,TÉCNICO EN CONTROL DE EJECUCIÓN PRESUPUESTARIA DE RECTORÍA,36,FALSO,FALSO,FALSO
TECNICO,TECNICO ESPECIALIZADO D,TÉCNICO EN CONTROL DE INGRESOS,33,FALSO,FALSO,FALSO
TECNICO,TECNICO ESPECIALIZADO D,TÉCNICO EN CONTROL DE PAGOS,60,FALSO,FALSO,FALSO
TECNICO,TECNICO ESPECIALIZADO D,TÉCNICO EN CONTROL DE PLAZAS DEL PRESUPUESTO ORDINARIO,12,FALSO,FALSO,FALSO
TECNICO,TECNICO ESPECIALIZADO D,TÉCNICO EN CONTROL DE TRANSFERENCIAS ELECTRÓNICAS,24,FALSO,FALSO,FALSO
TECNICO,TECNICO ESPECIALIZADO D,TÉCNICO EN CONTROL INTERNO DE OAF,24,FALSO,FALSO,FALSO
TECNICO,TECNICO ESPECIALIZADO D,TÉCNICO EN CONTROL PRESUPUESTARIO DE PROYECTOS ESPECIALES,50,FALSO,FALSO,FALSO
TECNICO,TECNICO ESPECIALIZADO D,TÉCNICO EN CONTROL PRESUPUESTARIO DE VIDA ESTUDIANTIL,12,FALSO,FALSO,FALSO
TECNICO,TECNICO ESPECIALIZADO D,TÉCNICO EN DISEÑO DE REDES,11,FALSO,FALSO,FALSO
TECNICO,TECNICO ESPECIALIZADO D,"TÉCNICO EN DISEÑO GRÁFICO, WEB Y MULTIMEDIA",31,FALSO,FALSO,FALSO
TECNICO,TECNICO ESPECIALIZADO D,TÉCNICO EN EMERGENCIAS MÉDICAS,47,FALSO,FALSO,FALSO
TECNICO,TECNICO ESPECIALIZADO D,TÉCNICO EN EQUIPO DE LABORATORIO QUÍMICO,12,FALSO,FALSO,FALSO
TECNICO,TECNICO ESPECIALIZADO D,TÉCNICO EN ESTRUCTURAS DENTALES,65,FALSO,FALSO,FALSO
TECNICO,TECNICO ESPECIALIZADO D,TÉCNICO EN EVALUACIÓN DE SERVICIOS,12,FALSO,FALSO,FALSO
TECNICO,TECNICO ESPECIALIZADO D,TÉCNICO EN EXPEDIENTES ACADÉMICOS,20,FALSO,FALSO,FALSO
TECNICO,TECNICO ESPECIALIZADO D,TÉCNICO EN FONDOS DE VÍNCULO EXTERNO,34,FALSO,FALSO,FALSO
TECNICO,TECNICO ESPECIALIZADO D,TÉCNICO EN FONDOS DE VÍNCULOS EXTERNO DE CONARE,32,FALSO,FALSO,FALSO
TECNICO,TECNICO ESPECIALIZADO D,TÉCNICO EN GESTIÓN ADMINISTRATIVA DE RIFED,12,FALSO,FALSO,FALSO
TECNICO,TECNICO ESPECIALIZADO D,TÉCNICO EN GESTIÓN ADMINISTRATIVA DEL RECINTO DE GOLFITO,12,FALSO,FALSO,FALSO
TECNICO,TECNICO ESPECIALIZADO D,TÉCNICO EN GESTIÓN ADUANERA,12,FALSO,FALSO,FALSO
TECNICO,TECNICO ESPECIALIZADO D,TÉCNICO EN GESTIÓN DE RIESGO Y SEGURIDAD INFORMÁTICA,12,FALSO,FALSO,FALSO
TECNICO,TECNICO ESPECIALIZADO D,TÉCNICO EN GESTIÓN FINANCIERA,24,FALSO,FALSO,FALSO
TECNICO,TECNICO ESPECIALIZADO D,TÉCNICO EN GESTIÓN FINANCIERA DE SEDE,36,FALSO,FALSO,FALSO
TECNICO,TECNICO ESPECIALIZADO D,TÉCNICO EN GESTIÓN Y SEGUIMIENTO DE PROYECTOS,12,FALSO,FALSO,FALSO
TECNICO,TECNICO ESPECIALIZADO D,TÉCNICO EN GRABACIÓN Y SONIDO RADIOFÓNICO,48,FALSO,FALSO,FALSO
TECNICO,TECNICO ESPECIALIZADO D,TÉCNICO EN GRADUACIONES,11,FALSO,FALSO,FALSO
TECNICO,TECNICO ESPECIALIZADO D,TÉCNICO EN GUÍA DE HORARIOS Y CURSOS,12,FALSO,FALSO,FALSO
TECNICO,TECNICO ESPECIALIZADO D,TÉCNICO EN INVESTIGACIÓN PARA LA PRESERVACIÓN DE COLECCIONES NATURALES,12,FALSO,FALSO,FALSO
TECNICO,TECNICO ESPECIALIZADO D,TÉCNICO EN MANTENIMIENTO DE EQUIPO E INSTALACIONES ELECTROMECÁNICAS,24,FALSO,FALSO,FALSO
TECNICO,TECNICO ESPECIALIZADO D,TÉCNICO EN MANTENIMIENTO DE EQUIPO RADIOFÓNICO,3,FALSO,FALSO,FALSO
TECNICO,TECNICO ESPECIALIZADO D,TÉCNICO EN MANTENIMIENTO DE EQUIPO TELEVISIVO,24,FALSO,FALSO,FALSO
TECNICO,TECNICO ESPECIALIZADO D,TÉCNICO EN MANTENIMIENTO DE REDES DE TELECOMUNICACIONES,65,FALSO,FALSO,FALSO
TECNICO,TECNICO ESPECIALIZADO D,TÉCNICO EN MATRÍCULA ESTUDIANTIL,12,FALSO,FALSO,FALSO
TECNICO,TECNICO ESPECIALIZADO D,TÉCNICO EN MECÁNICA DE PRECISIÓN Y SOLDADURA,36,FALSO,FALSO,FALSO
TECNICO,TECNICO ESPECIALIZADO D,TÉCNICO EN METROLOGÍA,24,FALSO,FALSO,FALSO
TECNICO,TECNICO ESPECIALIZADO D,TÉCNICO EN MICROBIOLOGÍA DE ALIMENTOS Y AGUAS,12,FALSO,FALSO,FALSO
TECNICO,TECNICO ESPECIALIZADO D,TÉCNICO EN MODIFICACIONES PRESUPUESTARIAS,24,FALSO,FALSO,FALSO
TECNICO,TECNICO ESPECIALIZADO D,TÉCNICO EN ORIENTACIÓN SOBRE TRÁMITES DE PENSIÓN,12,FALSO,FALSO,FALSO
TECNICO,TECNICO ESPECIALIZADO D,TÉCNICO EN ORIENTACIÓN Y CAPACITACIÓN EN ESTUDIOS DE POSGRADOS,12,FALSO,FALSO,FALSO
TECNICO,TECNICO ESPECIALIZADO D,TÉCNICO EN PAGO DE BECAS AL EXTERIOR,12,FALSO,FALSO,FALSO
TECNICO,TECNICO ESPECIALIZADO D,TÉCNICO EN PERIODISMO,11,FALSO,FALSO,FALSO
TECNICO,TECNICO ESPECIALIZADO D,TÉCNICO EN PROCESOS INSTRUCCIONALES DE HOSTIGAMIENTO SEXUAL,12,FALSO,FALSO,FALSO
TECNICO,TECNICO ESPECIALIZADO D,TÉCNICO EN PRODUCCIÓN DE DANZA,12,FALSO,FALSO,FALSO
TECNICO,TECNICO ESPECIALIZADO D,TÉCNICO EN PROGRAMACIÓN Y TRANSMISIÓN TELEVISIVA,12,FALSO,FALSO,FALSO
TECNICO,TECNICO ESPECIALIZADO D,TÉCNICO EN RECLUTAMIENTO Y SELECCIÓN DE PERSONAL,36,FALSO,FALSO,FALSO
TECNICO,TECNICO ESPECIALIZADO D,TÉCNICO EN REGISTROS CONTABLES,70,FALSO,FALSO,FALSO
TECNICO,TECNICO ESPECIALIZADO D,TÉCNICO EN SERVICIOS DE FONOTECA Y PROGRAMACIÓN RADIOFÓNICA AUTOMATIZADA,12,FALSO,FALSO,FALSO
TECNICO,TECNICO ESPECIALIZADO D,TÉCNICO EN SISTEMAS TELEFÓNICOS,12,FALSO,FALSO,FALSO
TECNICO,TECNICO ESPECIALIZADO D,TÉCNICO EN SOPLADO DE VIDRIO,7,FALSO,FALSO,FALSO
TECNICO,TECNICO ESPECIALIZADO D,TÉCNICO EN TRÁMITES DE BECAS CORTAS AL EXTERIOR,12,FALSO,FALSO,FALSO
TECNICO,TECNICO ESPECIALIZADO D,TÉCNICO EN TRÁMITES DE VENTA,12,FALSO,FALSO,FALSO
TECNICO,TECNICO ESPECIALIZADO D,TÉCNICO ENCARGADO DE PROGRAMA DE POSGRADO,24,FALSO,FALSO,FALSO
TECNICO,TECNICO ESPECIALIZADO D,TÉCNICO ESPECIALIZADO EN ENSAYOS DE INFRAESTRUCTURAS CIVIL Y VIAL,257,FALSO,FALSO,FALSO
TECNICO,TECNICO ESPECIALIZADO D,TÉCNICO INSTRUCTOR DEL PROGRAMA DE ASISTENCIA DENTAL,36,FALSO,FALSO,FALSO
TECNICO,TECNICO ESPECIALIZADO D,TÉCNICO INSTRUMENTAL EN ANÁLISIS DE ALIMENTO PARA ANIMALES,24,FALSO,FALSO,FALSO
TECNICO,TECNICO ESPECIALIZADO D,TÉCNICO SUPERVISOR DE INFRAESTRUCTURA DEPORTIVA,12,FALSO,FALSO,FALSO
TRABAJADOR OPERATIVO,TRABAJADOR OPERATIVO A,,53,FALSO,FALSO,FALSO
TRABAJADOR OPERATIVO,TRABAJADOR OPERATIVO A,COCINERA,16,FALSO,FALSO,FALSO
TRABAJADOR OPERATIVO,TRABAJADOR OPERATIVO A,NIÑERA,12,FALSO,FALSO,FALSO
TRABAJADOR OPERATIVO,TRABAJADOR OPERATIVO A,TRABAJADOR AGROPECUARIO,1076,FALSO,FALSO,FALSO
TRABAJADOR OPERATIVO,TRABAJADOR OPERATIVO B,,280,FALSO,FALSO,FALSO
TRABAJADOR OPERATIVO,TRABAJADOR OPERATIVO B,ASISTENTE DE LABORATORIO DE CONTROL DE CALIDAD Y DESARROLLO TECNOLÓGICO,12,FALSO,FALSO,FALSO
TRABAJADOR OPERATIVO,TRABAJADOR OPERATIVO B,AUXILIAR DE BIBLIOTECOLOGÍA,12,FALSO,FALSO,FALSO
TRABAJADOR OPERATIVO,TRABAJADOR OPERATIVO B,AUXILIAR DE MANTENIMIENTO GENERAL DE INSTALACIONES,144,FALSO,FALSO,FALSO
TRABAJADOR OPERATIVO,TRABAJADOR OPERATIVO B,AUXILIAR DE PROGRAMACIÓN DE CINE UNIVERSITARIO,12,FALSO,FALSO,FALSO
TRABAJADOR OPERATIVO,TRABAJADOR OPERATIVO B,CONSERJE,3175,FALSO,FALSO,FALSO
TRABAJADOR OPERATIVO,TRABAJADOR OPERATIVO B,CONSERJE E INSTALADOR DE ESTRUCTURAS MÓVILES,56,FALSO,FALSO,FALSO
TRABAJADOR OPERATIVO,TRABAJADOR OPERATIVO B,CONSERJE-MENSAJERO DEL RECINTO DE GOLFITO,12,FALSO,FALSO,FALSO
TRABAJADOR OPERATIVO,TRABAJADOR OPERATIVO B,ENCARGADO DE VIGILANCIA DE FINCA,12,FALSO,FALSO,FALSO
TRABAJADOR OPERATIVO,TRABAJADOR OPERATIVO B,MENSAJERO,307,FALSO,FALSO,FALSO
TRABAJADOR OPERATIVO,TRABAJADOR OPERATIVO B,OPERADOR DE PLANTEL,24,FALSO,FALSO,FALSO
TRABAJADOR OPERATIVO,TRABAJADOR OPERATIVO B,RECICLADOR DE MATERIALES RESIDUALES,7,FALSO,FALSO,FALSO
TRABAJADOR OPERATIVO,TRABAJADOR OPERATIVO B,REVISOR DE SALIDA DE RECURSOS BIBLIOGRÁFICOS Y EQUIPO,138,FALSO,FALSO,FALSO
TRABAJADOR OPERATIVO,TRABAJADOR OPERATIVO C,,127,FALSO,FALSO,FALSO
TRABAJADOR OPERATIVO,TRABAJADOR OPERATIVO C,AUXILIAR DE INSTALACIONES DEPORTIVAS,74,FALSO,FALSO,FALSO
TRABAJADOR OPERATIVO,TRABAJADOR OPERATIVO C,AUXILIAR DE INVESTIGACIÓN DE ANÁLISIS SENSORIAL,12,FALSO,FALSO,FALSO
TRABAJADOR OPERATIVO,TRABAJADOR OPERATIVO C,AUXILIAR DE LABORATORIO,194,FALSO,FALSO,FALSO
TRABAJADOR OPERATIVO,TRABAJADOR OPERATIVO C,AUXILIAR DE MANTENIMIENTO EN ESTACIÓN BIOLÓGICA,24,FALSO,FALSO,FALSO
TRABAJADOR OPERATIVO,TRABAJADOR OPERATIVO C,AUXILIAR DE MECÁNICA DE AUTOMOTORES,21,FALSO,FALSO,FALSO
TRABAJADOR OPERATIVO,TRABAJADOR OPERATIVO C,BODEGUERO,12,FALSO,FALSO,FALSO
TRABAJADOR OPERATIVO,TRABAJADOR OPERATIVO C,CHOFER,517,FALSO,FALSO,FALSO
TRABAJADOR OPERATIVO,TRABAJADOR OPERATIVO C,CHOFER DE AMBULANCIA,41,FALSO,FALSO,FALSO
TRABAJADOR OPERATIVO,TRABAJADOR OPERATIVO C,"DISTRIBUIDOR DE MATERIAL DIDÁCTICO, PERIÓDICOS Y DOCUMENTACIÓN",46,FALSO,FALSO,FALSO
TRABAJADOR OPERATIVO,TRABAJADOR OPERATIVO C,ENCARGADO DE SERVICIO DE CONSERJERÍA,36,FALSO,FALSO,FALSO
TRABAJADOR OPERATIVO,TRABAJADOR OPERATIVO C,ENCARGADO DE VIGILANCIA DE BIBLIOTECA,60,FALSO,FALSO,FALSO
TRABAJADOR OPERATIVO,TRABAJADOR OPERATIVO C,MENSAJERO-CHOFER,439,FALSO,FALSO,FALSO
TRABAJADOR OPERATIVO,TRABAJADOR OPERATIVO C,OFICIAL DE SEGURIDAD UNIVERSITARIA,2891,FALSO,FALSO,FALSO
TRABAJADOR OPERATIVO,TRABAJADOR OPERATIVO C,OPERADOR DE CENTRAL TELEFÓNICA,37,FALSO,FALSO,FALSO
TRABAJADOR OPERATIVO,TRABAJADOR OPERATIVO C,OPERADOR DE MAQUINARIA AGRÍCOLA,78,FALSO,FALSO,FALSO
TRABAJADOR OPERATIVO,TRABAJADOR OPERATIVO C,REPRODUCTOR DE DOCUMENTOS Y MATERIAL AUDIOVISUAL,123,FALSO,FALSO,FALSO
TRABAJADOR OPERATIVO,TRABAJADOR OPERATIVO C,SUPERVISOR DE MANUTENCIÓN DE CABALLOS Y MANTENIMIENTO DE INSTALACIONES EQUINAS,12,FALSO,FALSO,FALSO
VICERRECTOR ,VICERRECTOR,,60,FALSO,FALSO,FALSO
